{"train_loss": 0.00019036035398531736, "val_loss": 0.00032382418711268543, "_timestamp": 1709946295.1104488, "_runtime": 14.379456758499146, "_step": 0, "_wandb": {"runtime": 7}}