{"train_loss": 0.00016355446011831503, "val_loss": 0.0002707636101612829, "_timestamp": 1709945358.4092846, "_runtime": 10.947898626327515, "_step": 0, "_wandb": {"runtime": 7}}