{"train_loss": 0.00016967543053685518, "val_loss": 0.00033572748481913803, "_timestamp": 1709945635.7124527, "_runtime": 8.91617465019226, "_step": 0, "_wandb": {"runtime": 5}}