{"train_loss": 0.00022114457053955687, "val_loss": 0.00024623771969186725, "_timestamp": 1709945743.091439, "_runtime": 9.895672082901001, "_step": 0, "_wandb": {"runtime": 6}}