{"train_loss": 0.00020720018624123147, "val_loss": 0.0012784190475940704, "lr": 5.258872548610129e-08, "train_mae": 0.008233006112277508, "val_mae": 0.01245059072971344, "train_r2": 0.9878063201904297, "val_r2": 0.9380137920379639, "_timestamp": 1710383213.8154721, "_runtime": 261.51355719566345, "_step": 2000, "final_mse": 7.336749014207018, "final_mae": 0.9432569948107468, "final_r2": 0.9380137528037887, "_wandb": {"runtime": 260}}