{"train_loss": 0.00017109708718326654, "val_loss": 0.0003104295925206139, "_timestamp": 1709945183.055939, "_runtime": 10.783674955368042, "_step": 0, "_wandb": {"runtime": 6}}