{"train_loss": 0.00020096918572464858, "val_loss": 0.0008764341473579407, "lr": 5.258872548610129e-08, "train_mae": 0.008158879354596138, "val_mae": 0.010678254067897797, "train_r2": 0.9886029958724976, "val_r2": 0.9659767150878906, "_timestamp": 1710383481.2933056, "_runtime": 258.9102237224579, "_step": 2000, "final_mse": 3.5351943306983333, "final_mae": 0.8089845685810624, "final_r2": 0.9659767239357974, "_wandb": {"runtime": 257}}