{"train_loss": 6.182526758042633e-05, "val_loss": 0.0004815466527361423, "lr": 5.258872548610129e-08, "train_mae": 0.003897636430338025, "val_mae": 0.006657382473349571, "train_r2": 0.9955806732177734, "val_r2": 0.9623733758926392, "_timestamp": 1710397007.9144626, "_runtime": 240.8732795715332, "_step": 2000, "final_mse": 353.8994039920997, "final_mae": 5.632677776119254, "final_r2": 0.9623731064710992, "_wandb": {"runtime": 238}}