{"train_loss": 0.00018129890584289102, "val_loss": 0.0003417159011160722, "_timestamp": 1709944879.0360484, "_runtime": 14.071463346481323, "_step": 0, "_wandb": {"runtime": 11}}