{"train_loss": 0.026012659286166348, "val_loss": 0.027253216987696907, "_timestamp": 1709943456.9462724, "_runtime": 6.403099298477173, "_step": 0, "_wandb": {"runtime": 3}}