{"train_loss": 0.012802906888668154, "val_loss": 0.013720125084744477, "_timestamp": 1709945419.8554726, "_runtime": 6.1606504917144775, "_step": 0, "_wandb": {"runtime": 3}}