{"train_loss": 0.00020275638855896095, "val_loss": 0.0016413582488894463, "lr": 5.258872548610129e-08, "train_mae": 0.008040010929107666, "val_mae": 0.011922161094844341, "train_r2": 0.9888575077056885, "val_r2": 0.8944212198257446, "_timestamp": 1710388675.4244251, "_runtime": 248.53139901161194, "_step": 2000, "final_mse": 9.676847622997304, "final_mae": 0.9032230374430128, "final_r2": 0.894421195181623, "_wandb": {"runtime": 247}}