{"train_loss": 0.00021492656552923596, "val_loss": 0.0009381978888995945, "lr": 5.258872548610129e-08, "train_mae": 0.00836242362856865, "val_mae": 0.012268309481441975, "train_r2": 0.9876741766929626, "val_r2": 0.9487627744674683, "_timestamp": 1710389990.3928301, "_runtime": 254.2773060798645, "_step": 2000, "final_mse": 5.525230907718882, "final_mae": 0.9294471633594888, "final_r2": 0.9487628024417979, "_wandb": {"runtime": 253}}