{"train_loss": 0.00022241568215328945, "val_loss": 0.0008437100914306939, "lr": 5.258872548610129e-08, "train_mae": 0.00837482325732708, "val_mae": 0.011190257035195827, "train_r2": 0.9874970316886902, "val_r2": 0.9504199624061584, "_timestamp": 1710382679.7942803, "_runtime": 269.524462223053, "_step": 2000, "final_mse": 4.949624327937457, "final_mae": 0.8477739235675397, "final_r2": 0.9504199460072245, "_wandb": {"runtime": 268}}