{"train_loss": 0.00030072871060123036, "val_loss": 0.00043654695098528933, "_timestamp": 1709944232.4650717, "_runtime": 7.8986406326293945, "_step": 0, "_wandb": {"runtime": 4}}