{"train_loss": 0.00043082738169295204, "val_loss": 0.0005465530454784096, "_timestamp": 1709944276.8668869, "_runtime": 6.994417905807495, "_step": 0, "_wandb": {"runtime": 3}}