{"train_loss": 0.00021064522788929503, "val_loss": 0.00028428128471788105, "_timestamp": 1709945809.7355506, "_runtime": 11.936977624893188, "_step": 0, "_wandb": {"runtime": 7}}