{"train_loss": 7.413575773276264e-05, "val_loss": 0.000672800641041249, "lr": 5.258872548610129e-08, "train_mae": 0.004566781688481569, "val_mae": 0.006601299624890089, "train_r2": 0.9946284294128418, "val_r2": 0.950046181678772, "_timestamp": 1710392804.419181, "_runtime": 240.98408913612366, "_step": 2000, "final_mse": 494.11161909109643, "final_mae": 5.5852280172239315, "final_r2": 0.9500463327389346, "_wandb": {"runtime": 236}}