{"train_loss": 0.0003966443781077799, "val_loss": 0.0003519377640875053, "_timestamp": 1709944262.5418363, "_runtime": 6.894266366958618, "_step": 0, "_wandb": {"runtime": 3}}