{"train_loss": 0.02611449902865527, "val_loss": 0.026846129409460046, "_timestamp": 1709946588.0497792, "_runtime": 8.82184624671936, "_step": 0, "_wandb": {"runtime": 3}}