{"train_loss": 0.0001908438311846877, "val_loss": 0.0003186037026114607, "train_mae": 0.009796001748192954, "val_mae": 0.010643904115500428, "train_r2": 0.9902147903809935, "val_r2": 0.9827347162344056, "_timestamp": 1709968339.083796, "_runtime": 13.31616997718811, "_step": 0, "_wandb": {"runtime": 10}}