{"train_loss": 0.026344614584103677, "val_loss": 0.025926280420325847, "_timestamp": 1709943535.5799336, "_runtime": 6.260182619094849, "_step": 0, "_wandb": {"runtime": 3}}