{"train_loss": 0.0001801600953717028, "val_loss": 0.0003579997492141142, "train_mae": 0.009622963928994943, "val_mae": 0.011564725576709248, "train_r2": 0.9905149857234673, "val_r2": 0.9825460603111519, "_timestamp": 1709968485.1362698, "_runtime": 14.049545764923096, "_step": 0, "_wandb": {"runtime": 10}}