{"train_loss": 0.0001930980327399272, "val_loss": 0.0003746758591469974, "_timestamp": 1709946041.9350767, "_runtime": 9.442561626434326, "_step": 0, "_wandb": {"runtime": 6}}