{"train_loss": 0.00020932046142042678, "val_loss": 0.0003723806481642371, "train_mae": 0.010224625075742727, "val_mae": 0.012208318656536073, "train_r2": 0.9897107685051096, "val_r2": 0.9804374259823595, "_timestamp": 1709968887.7267778, "_runtime": 7.356122732162476, "_step": 0, "_wandb": {"runtime": 4}}