{"train_loss": 0.00014507312250809456, "val_loss": 0.00036617403714773506, "_timestamp": 1709943596.0727675, "_runtime": 20.559969425201416, "_step": 0, "_wandb": {"runtime": 17}}