{"train_loss": 0.00023551024338651567, "val_loss": 0.0002527529723010957, "lr": 5.258872548610129e-08, "_timestamp": 1709941481.987387, "_runtime": 305.76822805404663, "_step": 2000, "_wandb": {"runtime": 303}}