{"train_loss": 6.810877618012124e-05, "val_loss": 0.0009692926541902125, "lr": 5.258872548610129e-08, "train_mae": 0.004224572330713272, "val_mae": 0.007569099776446819, "train_r2": 0.9951407313346863, "val_r2": 0.9230625033378601, "_timestamp": 1710393308.0667493, "_runtime": 240.65619444847107, "_step": 2000, "final_mse": 713.20502448369, "final_mae": 6.404064405055866, "final_r2": 0.9230635899947486, "_wandb": {"runtime": 238}}