{"train_loss": 0.0001713698899568048, "val_loss": 0.00028080887677910907, "_timestamp": 1709945522.694582, "_runtime": 10.1842679977417, "_step": 0, "_wandb": {"runtime": 6}}