{"train_loss": 0.02614239725098336, "val_loss": 0.02673461086584343, "_timestamp": 1709943509.8036788, "_runtime": 6.082397699356079, "_step": 0, "_wandb": {"runtime": 3}}