{"train_loss": 0.00022080755810962937, "val_loss": 0.000362131479600454, "_timestamp": 1709945903.8267882, "_runtime": 11.264958143234253, "_step": 0, "_wandb": {"runtime": 6}}