{"train_loss": 0.00023275656558267936, "val_loss": 0.00032298417928626477, "_timestamp": 1709944596.727088, "_runtime": 7.465005874633789, "_step": 0, "_wandb": {"runtime": 4}}