{"train_loss": 0.00018579267858016962, "val_loss": 0.00016438649618066847, "lr": 5.258872548610129e-08, "train_mae": 0.00499476445838809, "val_mae": 0.005370159167796373, "train_r2": 0.9863154888153076, "val_r2": 0.9870745539665222, "_timestamp": 1710374074.3287368, "_runtime": 256.1838676929474, "_step": 2000, "final_mse": 950.1262948095065, "final_mae": 12.742851510952176, "final_r2": 0.987074529285114, "_wandb": {"runtime": 254}}