{"train_loss": 0.00020184758255666597, "val_loss": 0.0002398540941923668, "_timestamp": 1709946476.1181703, "_runtime": 10.45214319229126, "_step": 0, "_wandb": {"runtime": 7}}