{"train_loss": 8.653496853703698e-05, "val_loss": 0.0004130291345063597, "lr": 5.258872548610129e-08, "train_mae": 0.004648975096642971, "val_mae": 0.006906131282448769, "train_r2": 0.993794858455658, "val_r2": 0.968156635761261, "_timestamp": 1710391298.7172136, "_runtime": 253.74667072296143, "_step": 2000, "final_mse": 301.1038040999742, "final_mae": 5.843138871741419, "final_r2": 0.9681565511787105, "_wandb": {"runtime": 252}}