{"train_loss": 0.00012222378361250529, "val_loss": 0.00034268456511199474, "lr": 5.258872548610129e-08, "train_mae": 0.004745052196085453, "val_mae": 0.005526557099074125, "train_r2": 0.9907233119010925, "val_r2": 0.975959837436676, "_timestamp": 1710373547.7409484, "_runtime": 247.6983094215393, "_step": 2000, "final_mse": 1980.225527059771, "final_mae": 13.113967463834303, "final_r2": 0.9759598133752316, "_wandb": {"runtime": 246}}