{"train_loss": 0.00017821337156353893, "val_loss": 0.00034883887467777343, "_timestamp": 1709945287.0798528, "_runtime": 8.00050973892212, "_step": 0, "_wandb": {"runtime": 5}}