{"train_loss": 0.00021243169719354537, "val_loss": 0.0003231350361997455, "_timestamp": 1709946603.9629526, "_runtime": 9.46979570388794, "_step": 0, "_wandb": {"runtime": 6}}