{"train_loss": 0.00030240919599324747, "val_loss": 0.00037781269263126364, "_timestamp": 1709943882.2545211, "_runtime": 6.862604141235352, "_step": 0, "_wandb": {"runtime": 3}}