{"train_loss": 0.000126489714747923, "val_loss": 0.000428513701437972, "_timestamp": 1709945559.3931377, "_runtime": 14.653450727462769, "_step": 0, "_wandb": {"runtime": 11}}