{"train_loss": 0.025553814002536028, "val_loss": 0.025305933083606198, "_timestamp": 1709944937.9187937, "_runtime": 5.646777629852295, "_step": 0, "_wandb": {"runtime": 3}}