{"train_loss": 0.0001839417873195412, "val_loss": 0.00010047329851659015, "lr": 5.258872548610129e-08, "train_mae": 0.005084982141852379, "val_mae": 0.00580806378275156, "train_r2": 0.9864763021469116, "val_r2": 0.992097020149231, "_timestamp": 1710381121.5789196, "_runtime": 243.1512267589569, "_step": 2000, "final_mse": 575.2919214053992, "final_mae": 13.781952080286851, "final_r2": 0.9920970152998737, "_wandb": {"runtime": 241}}