{"train_loss": 0.0001716496861929286, "val_loss": 0.00035628268082530903, "_timestamp": 1709945112.8362484, "_runtime": 9.299355506896973, "_step": 0, "_wandb": {"runtime": 6}}