{"train_loss": 0.0007040576917384127, "val_loss": 0.0007963016432013431, "_timestamp": 1709943972.7653608, "_runtime": 6.3251378536224365, "_step": 0, "_wandb": {"runtime": 3}}