{"train_loss": 0.00017796570844904997, "val_loss": 0.011104335077106953, "lr": 5.258872548610129e-08, "train_mae": 0.007612729910761118, "val_mae": 0.01398765854537487, "train_r2": 0.990020215511322, "val_r2": 0.8154192566871643, "_timestamp": 1710390249.7464616, "_runtime": 252.4985535144806, "_step": 2000, "final_mse": 18.970603584590673, "final_mae": 1.0597050691910976, "final_r2": 0.8154192126947232, "_wandb": {"runtime": 251}}