{"train_loss": 0.00015583248409970884, "val_loss": 0.00030793765839385684, "_timestamp": 1709945504.732514, "_runtime": 10.125654935836792, "_step": 0, "_wandb": {"runtime": 7}}