{"train_loss": 6.706169271773215e-05, "val_loss": 0.00022130967408884317, "lr": 5.258872548610129e-08, "train_mae": 0.004198589362204075, "val_mae": 0.005418805405497551, "train_r2": 0.9952204823493958, "val_r2": 0.9828740358352661, "_timestamp": 1710394828.14838, "_runtime": 243.26847314834595, "_step": 2000, "final_mse": 162.42495955869262, "final_mae": 4.584742869322783, "final_r2": 0.9828741831719353, "_wandb": {"runtime": 238}}