{"train_loss": 7.714783318499766e-05, "val_loss": 0.001055171131156385, "lr": 5.258872548610129e-08, "train_mae": 0.004341732710599899, "val_mae": 0.008498311042785645, "train_r2": 0.9943488836288452, "val_r2": 0.9248626232147217, "_timestamp": 1710391037.7496803, "_runtime": 253.978862285614, "_step": 2000, "final_mse": 776.3757062954312, "final_mae": 7.190253013176005, "final_r2": 0.9248628683463143, "_wandb": {"runtime": 252}}