{"train_loss": 0.0001965777208593086, "val_loss": 0.0002615827054601737, "_timestamp": 1709944893.1558259, "_runtime": 7.431861877441406, "_step": 0, "_wandb": {"runtime": 4}}