{"train_loss": 0.001233494466779565, "val_loss": 0.0012959854373747156, "_timestamp": 1709943642.5363336, "_runtime": 6.3060996532440186, "_step": 0, "_wandb": {"runtime": 3}}