{"train_loss": 0.00020645031319212732, "val_loss": 0.00026272199735133964, "_timestamp": 1709946401.4217381, "_runtime": 10.770398139953613, "_step": 0, "_wandb": {"runtime": 7}}