{"train_loss": 0.00021192836829094574, "val_loss": 0.0004416175652295351, "lr": 5.258872548610129e-08, "train_mae": 0.010556846857070923, "val_mae": 0.013163927011191845, "train_r2": 0.9880574345588684, "val_r2": 0.9776013493537903, "_timestamp": 1709963643.165401, "_runtime": 209.4674870967865, "_step": 2000, "_wandb": {"runtime": 206}}