{"train_loss": 5.839832557879065e-05, "val_loss": 0.0007181139080785215, "lr": 5.258872548610129e-08, "train_mae": 0.003880108008161187, "val_mae": 0.0065934667363762856, "train_r2": 0.9958041310310364, "val_r2": 0.9452931880950928, "_timestamp": 1710390512.227279, "_runtime": 254.69954085350037, "_step": 2000, "final_mse": 528.1784863355632, "final_mae": 5.578603429606544, "final_r2": 0.9452924702052973, "_wandb": {"runtime": 253}}