{"train_loss": 0.0001664489834311742, "val_loss": 0.00032877842911378075, "_timestamp": 1709945044.9090357, "_runtime": 9.752954721450806, "_step": 0, "_wandb": {"runtime": 6}}