{"train_loss": 0.00020714154160193798, "val_loss": 0.021473411470651627, "lr": 5.258872548610129e-08, "train_mae": 0.008290858007967472, "val_mae": 0.01903044804930687, "train_r2": 0.9881356358528137, "val_r2": -0.1820288896560669, "_timestamp": 1710386879.07782, "_runtime": 245.88141298294067, "_step": 2000, "final_mse": 126.69159069856794, "final_mae": 1.4417465149083906, "final_r2": -0.18202966896948403, "_wandb": {"runtime": 244}}