{"train_loss": 0.00027609779154413806, "val_loss": 0.0003005151785411219, "_timestamp": 1709944380.4521017, "_runtime": 8.288819789886475, "_step": 0, "_wandb": {"runtime": 5}}