{"train_loss": 0.00026896422350377664, "val_loss": 0.00037687085493352416, "_timestamp": 1709945072.1206682, "_runtime": 7.300825119018555, "_step": 0, "_wandb": {"runtime": 4}}