{"train_loss": 0.0002052685428739521, "val_loss": 0.0003285530129154003, "_timestamp": 1709946360.8028378, "_runtime": 9.265979766845703, "_step": 0, "_wandb": {"runtime": 6}}