{"train_loss": 0.0002505359839780113, "val_loss": 0.0002644988140919093, "_timestamp": 1709944699.8184373, "_runtime": 8.722370386123657, "_step": 0, "_wandb": {"runtime": 5}}