{"train_loss": 8.291078147672387e-05, "val_loss": 0.000542685214895755, "lr": 5.258872548610129e-08, "train_mae": 0.004720632452517748, "val_mae": 0.007367297541350126, "train_r2": 0.9940518736839294, "val_r2": 0.9585052728652954, "_timestamp": 1710393814.929332, "_runtime": 244.1715099811554, "_step": 2000, "final_mse": 397.01055634663976, "final_mae": 6.233322918353304, "final_r2": 0.9585056258652808, "_wandb": {"runtime": 238}}