{"train_loss": 0.00023200469966352412, "val_loss": 0.0002709031105041504, "lr": 5.258872548610129e-08, "train_mae": 0.010546122677624226, "val_mae": 0.011195610277354717, "train_r2": 0.988069474697113, "val_r2": 0.9858027696609497, "_timestamp": 1709966356.2259128, "_runtime": 378.629026889801, "_step": 2000, "_wandb": {"runtime": 376}}