{"train_loss": 0.0001887259715643696, "val_loss": 0.0016066449461504817, "lr": 5.258872548610129e-08, "train_mae": 0.007912693545222282, "val_mae": 0.011631575413048267, "train_r2": 0.9897019267082214, "val_r2": 0.8914053440093994, "_timestamp": 1710386116.2400472, "_runtime": 242.38584327697754, "_step": 2000, "final_mse": 9.478416606018888, "final_mae": 0.8812081108290913, "final_r2": 0.8914054693291679, "_wandb": {"runtime": 241}}