{"train_loss": 7.504474580088777e-05, "val_loss": 0.0008459622622467577, "lr": 5.258872548610129e-08, "train_mae": 0.004511974286288023, "val_mae": 0.006781712174415588, "train_r2": 0.9946073293685913, "val_r2": 0.9362404346466064, "_timestamp": 1710392054.4685504, "_runtime": 243.10508751869202, "_step": 2000, "final_mse": 613.6587087491664, "final_mae": 5.737870874908926, "final_r2": 0.9362402409773065, "_wandb": {"runtime": 241}}