{"train_loss": 0.0006776204526949043, "val_loss": 0.0007463951751338553, "_timestamp": 1709945199.4747036, "_runtime": 10.171555519104004, "_step": 0, "_wandb": {"runtime": 4}}