{"train_loss": 0.026121964185574255, "val_loss": 0.02681628867560668, "_timestamp": 1709944043.1019077, "_runtime": 6.093166828155518, "_step": 0, "_wandb": {"runtime": 3}}