{"train_loss": 0.0008898632108225796, "val_loss": 0.0009355428126128138, "_timestamp": 1709945141.4496045, "_runtime": 7.184497594833374, "_step": 0, "_wandb": {"runtime": 3}}