{"train_loss": 0.0002566243641630564, "val_loss": 0.0003205641948195524, "_timestamp": 1709946184.6698074, "_runtime": 7.305535316467285, "_step": 0, "_wandb": {"runtime": 4}}