{"train_loss": 0.00018287910095314748, "val_loss": 8.540682756574824e-05, "lr": 5.258872548610129e-08, "train_mae": 0.004861367866396904, "val_mae": 0.0054650199599564075, "train_r2": 0.9860903024673462, "val_r2": 0.9941056966781616, "_timestamp": 1710375291.6315086, "_runtime": 453.3022925853729, "_step": 2000, "final_mse": 488.6779756719673, "final_mae": 12.967941823060034, "final_r2": 0.9941056967058619, "_wandb": {"runtime": 451}}