{"train_loss": 0.0002593183388549915, "val_loss": 0.00030535559331712107, "_timestamp": 1709944410.4878647, "_runtime": 7.8580896854400635, "_step": 0, "_wandb": {"runtime": 4}}