{"train_loss": 0.00016395292694767937, "val_loss": 0.00024867253737115053, "_timestamp": 1709943944.6387548, "_runtime": 16.800720930099487, "_step": 0, "_wandb": {"runtime": 12}}