{"train_loss": 0.00030628495584412557, "val_loss": 0.0004954868991048005, "_timestamp": 1709944423.0827584, "_runtime": 6.697115421295166, "_step": 0, "_wandb": {"runtime": 3}}