{"train_loss": 0.00025290646644800165, "val_loss": 0.000304600837852117, "_timestamp": 1709944952.34032, "_runtime": 6.811180114746094, "_step": 0, "_wandb": {"runtime": 3}}