{"train_loss": 0.026229439998924006, "val_loss": 0.02638667183343578, "_timestamp": 1709946678.3369932, "_runtime": 7.556439161300659, "_step": 0, "_wandb": {"runtime": 3}}