{"train_loss": 0.026366333432646806, "val_loss": 0.025839462904497207, "_timestamp": 1709944000.6583836, "_runtime": 7.015465497970581, "_step": 0, "_wandb": {"runtime": 3}}