{"train_loss": 0.025980254306369778, "val_loss": 0.027382750551174218, "_timestamp": 1709944336.566504, "_runtime": 6.999238014221191, "_step": 0, "_wandb": {"runtime": 3}}