{"train_loss": 0.00040504420909005047, "val_loss": 0.00041142029213260604, "_timestamp": 1709943782.9068894, "_runtime": 6.962029457092285, "_step": 0, "_wandb": {"runtime": 3}}