{"train_loss": 0.00018307452967949886, "val_loss": 0.00010815280256792903, "lr": 5.258872548610129e-08, "train_mae": 0.0049874973483383656, "val_mae": 0.0052550476975739, "train_r2": 0.9862240552902222, "val_r2": 0.9922937154769897, "_timestamp": 1710380616.1609242, "_runtime": 244.58819723129272, "_step": 2000, "final_mse": 614.456596575168, "final_mae": 12.469701317663642, "final_r2": 0.9922937157375383, "_wandb": {"runtime": 243}}