{"train_loss": 0.00020393446064411087, "val_loss": 0.00022108317677926843, "_timestamp": 1709946458.8801138, "_runtime": 13.037657737731934, "_step": 0, "_wandb": {"runtime": 8}}