{"train_loss": 0.00018987208630770128, "val_loss": 0.00033152817728512055, "train_mae": 0.009724942998983218, "val_mae": 0.011346062318685537, "train_r2": 0.9901821162087239, "val_r2": 0.9826756207469028, "_timestamp": 1709968318.847178, "_runtime": 12.048889875411987, "_step": 0, "_wandb": {"runtime": 9}}