{"train_loss": 0.00018678909499845938, "val_loss": 0.00013548061542678624, "lr": 5.258872548610129e-08, "train_mae": 0.005094577558338642, "val_mae": 0.005274822004139423, "train_r2": 0.986156702041626, "val_r2": 0.9930641055107117, "_timestamp": 1710382402.4925184, "_runtime": 251.8161163330078, "_step": 2000, "final_mse": 520.5154549658906, "final_mae": 12.516625642924732, "final_r2": 0.9930640805333961, "_wandb": {"runtime": 250}}