{"train_loss": 6.852064972527158e-05, "val_loss": 0.00504223071038723, "lr": 5.258872548610129e-08, "train_mae": 0.004304791335016489, "val_mae": 0.00936182588338852, "train_r2": 0.9950544834136963, "val_r2": 0.6234321594238281, "_timestamp": 1710395077.7733526, "_runtime": 242.14532566070557, "_step": 2000, "final_mse": 3710.34937935232, "final_mae": 7.920854458033116, "final_r2": 0.623431943727029, "_wandb": {"runtime": 239}}