{"train_loss": 0.00011973043913847495, "val_loss": 0.0003130184653431193, "_timestamp": 1709944126.2305763, "_runtime": 17.48893928527832, "_step": 0, "_wandb": {"runtime": 14}}