{"train_loss": 0.0001808094743301049, "val_loss": 9.879585559247062e-05, "lr": 5.258872548610129e-08, "train_mae": 0.004912968724966049, "val_mae": 0.005281406920403242, "train_r2": 0.9865954518318176, "val_r2": 0.9924445748329163, "_timestamp": 1710377594.7863362, "_runtime": 448.0574872493744, "_step": 2000, "final_mse": 568.0142303848321, "final_mae": 12.532244198181472, "final_r2": 0.9924445738065535, "_wandb": {"runtime": 446}}