{"train_loss": 7.915693188332933e-05, "val_loss": 0.0033667173702269793, "lr": 5.258872548610129e-08, "train_mae": 0.004452333319932222, "val_mae": 0.009636487811803818, "train_r2": 0.9944095015525818, "val_r2": 0.7286686897277832, "_timestamp": 1710394325.6958675, "_runtime": 245.0593774318695, "_step": 2000, "final_mse": 2476.7315950315724, "final_mae": 8.153238262907829, "final_r2": 0.7286690769777131, "_wandb": {"runtime": 236}}