{"train_loss": 0.026373870038695495, "val_loss": 0.02580933656452911, "_timestamp": 1709946621.711474, "_runtime": 6.156015872955322, "_step": 0, "_wandb": {"runtime": 3}}