{"train_loss": 0.0006003316786423154, "val_loss": 0.0006477695450682185, "_timestamp": 1709943769.5573702, "_runtime": 6.304441213607788, "_step": 0, "_wandb": {"runtime": 3}}