{"train_loss": 0.00042502220192254194, "val_loss": 0.0004305117549523853, "_timestamp": 1709944813.9952357, "_runtime": 7.364107608795166, "_step": 0, "_wandb": {"runtime": 4}}