{"train_loss": 0.00022739852697958803, "val_loss": 0.0003733061021193862, "lr": 5.258872548610129e-08, "train_mae": 0.010545172728598118, "val_mae": 0.011762243695557117, "train_r2": 0.9883730411529541, "val_r2": 0.979368269443512, "_timestamp": 1709965875.474062, "_runtime": 376.21679496765137, "_step": 2000, "_wandb": {"runtime": 373}}