{"train_loss": 0.00018272918975323463, "val_loss": 4.9973397835856304e-05, "lr": 5.258872548610129e-08, "train_mae": 0.005023395176976919, "val_mae": 0.004794681910425425, "train_r2": 0.9863937497138977, "val_r2": 0.9962440729141235, "_timestamp": 1710382139.108315, "_runtime": 244.87281107902527, "_step": 2000, "final_mse": 287.3455303506157, "final_mae": 11.377297567891338, "final_r2": 0.996244062077827, "_wandb": {"runtime": 243}}