{"train_loss": 0.00020762636366531225, "val_loss": 0.0002748964437899352, "_timestamp": 1709946439.41263, "_runtime": 11.375375986099243, "_step": 0, "_wandb": {"runtime": 8}}