{"train_loss": 0.00016852721554724584, "val_loss": 0.0018935363041236997, "lr": 5.258872548610129e-08, "train_mae": 0.007454723119735718, "val_mae": 0.012788349762558937, "train_r2": 0.9904699921607971, "val_r2": 0.8928166031837463, "_timestamp": 1710387647.4308908, "_runtime": 246.26678085327148, "_step": 2000, "final_mse": 11.160307388209738, "final_mae": 0.9688454154612487, "final_r2": 0.8928165727482149, "_wandb": {"runtime": 244}}