{"train_loss": 0.00028127141284914006, "val_loss": 0.00039271382754066256, "_timestamp": 1709944436.5059724, "_runtime": 7.32212233543396, "_step": 0, "_wandb": {"runtime": 4}}