{"train_loss": 0.005329566088041856, "val_loss": 0.005208653566603739, "_timestamp": 1709944516.0977345, "_runtime": 6.411803483963013, "_step": 0, "_wandb": {"runtime": 3}}