{"train_loss": 0.03550051848225771, "val_loss": 0.026468690484762192, "lr": 4.0, "_timestamp": 1709935889.4436588, "_runtime": 328.1974267959595, "_step": 2000, "_wandb": {"runtime": 326}}