{"train_loss": 0.0001863421216550089, "val_loss": 6.859243148937821e-05, "lr": 5.258872548610129e-08, "train_mae": 0.005192913115024567, "val_mae": 0.005469128489494324, "train_r2": 0.9860998392105103, "val_r2": 0.9949023127555847, "_timestamp": 1710379350.9727657, "_runtime": 245.37229776382446, "_step": 2000, "final_mse": 394.248082154021, "final_mae": 12.97769333186175, "final_r2": 0.9949023254946145, "_wandb": {"runtime": 244}}