{"train_loss": 0.0014592632639348082, "val_loss": 0.0016237809000404827, "_timestamp": 1709942718.7298167, "_runtime": 5.947957754135132, "_step": 0, "_wandb": {"runtime": 3}}