{"train_loss": 0.02626455162988956, "val_loss": 0.026246318878210387, "_timestamp": 1709945404.6462336, "_runtime": 6.115994453430176, "_step": 0, "_wandb": {"runtime": 3}}