{"train_loss": 0.00015941338813358578, "val_loss": 0.0004332513884859265, "train_mae": 0.009543365186719468, "val_mae": 0.012745136233677847, "train_r2": 0.9921425263394065, "val_r2": 0.9772528155718543, "_timestamp": 1709968872.2586195, "_runtime": 7.490352630615234, "_step": 0, "_wandb": {"runtime": 4}}