{"train_loss": 0.000303370088430382, "val_loss": 0.0005029123422696949, "_timestamp": 1709944787.638748, "_runtime": 9.402254819869995, "_step": 0, "_wandb": {"runtime": 3}}