{"train_loss": 8.867607240130728e-05, "val_loss": 0.000778881658334285, "lr": 5.258872548610129e-08, "train_mae": 0.005046210717409849, "val_mae": 0.00823191087692976, "train_r2": 0.9935053586959839, "val_r2": 0.9455693364143372, "_timestamp": 1710393059.540399, "_runtime": 242.5129210948944, "_step": 2000, "final_mse": 565.8020711167351, "final_mae": 6.964855215754536, "final_r2": 0.9455693754840047, "_wandb": {"runtime": 240}}