{"train_loss": 7.129879081317499e-05, "val_loss": 0.007404959760606289, "lr": 5.258872548610129e-08, "train_mae": 0.0041732387617230415, "val_mae": 0.009373150765895844, "train_r2": 0.9948287606239319, "val_r2": 0.4508652687072754, "_timestamp": 1710391803.6622226, "_runtime": 242.16460371017456, "_step": 2000, "final_mse": 5449.086619765134, "final_mae": 7.930435763186128, "final_r2": 0.4508658327240893, "_wandb": {"runtime": 240}}