{"train_loss": 0.00025547260815912573, "val_loss": 0.0003897720879521109, "_timestamp": 1709944184.5496898, "_runtime": 7.709413766860962, "_step": 0, "_wandb": {"runtime": 4}}