{"train_loss": 4.9445352397766734e-05, "val_loss": 0.0006154688890092075, "lr": 5.258872548610129e-08, "train_mae": 0.004514364060014486, "val_mae": 0.005541843827813864, "train_r2": 0.9962787628173828, "val_r2": 0.9557356238365173, "_timestamp": 1710380110.362462, "_runtime": 244.74509501457214, "_step": 2000, "final_mse": 3560.027273014805, "final_mae": 13.15023967588751, "final_r2": 0.9557356804032795, "_wandb": {"runtime": 243}}