{"train_loss": 0.00029348346001444243, "val_loss": 0.0003608036227120779, "_timestamp": 1709944800.5246227, "_runtime": 6.660333633422852, "_step": 0, "_wandb": {"runtime": 3}}