{"train_loss": 0.00021612439551508362, "val_loss": 0.00027966845664195716, "lr": 5.258872548610129e-08, "_timestamp": 1709940486.7777815, "_runtime": 305.9264395236969, "_step": 2000, "_wandb": {"runtime": 303}}