{"train_loss": 0.001509937504360227, "val_loss": 0.0015425816687169064, "_timestamp": 1709943522.7811596, "_runtime": 6.205472707748413, "_step": 0, "_wandb": {"runtime": 3}}