{"train_loss": 0.00018539931065801314, "val_loss": 0.00038412786403690306, "_timestamp": 1709946495.0809636, "_runtime": 12.292245626449585, "_step": 0, "_wandb": {"runtime": 8}}