{"train_loss": 0.00018039550032573204, "val_loss": 0.0004319828294683248, "lr": 5.258872548610129e-08, "train_mae": 0.004944130778312683, "val_mae": 0.0060485173016786575, "train_r2": 0.9864255785942078, "val_r2": 0.9703168272972107, "_timestamp": 1710374830.7031941, "_runtime": 455.4245982170105, "_step": 2000, "final_mse": 2366.0807671388698, "final_mae": 14.352523746470718, "final_r2": 0.9703168707515146, "_wandb": {"runtime": 453}}