{"train_loss": 0.00021258465063967013, "val_loss": 0.0003190071400174278, "_timestamp": 1709945591.8752851, "_runtime": 9.239367246627808, "_step": 0, "_wandb": {"runtime": 6}}