{"train_loss": 0.00021167078009437675, "val_loss": 0.00027951993034521535, "_timestamp": 1709945865.40246, "_runtime": 12.873305082321167, "_step": 0, "_wandb": {"runtime": 7}}