{"train_loss": 0.00016184165727960073, "val_loss": 0.0004092920076426033, "train_mae": 0.009367679843443251, "val_mae": 0.012280582007087613, "train_r2": 0.9909829459444909, "val_r2": 0.9791568592012763, "_timestamp": 1709969002.9636452, "_runtime": 7.284803152084351, "_step": 0, "_wandb": {"runtime": 4}}