{"train_loss": 0.00024072598155706803, "val_loss": 0.0015931336674839258, "lr": 5.258872548610129e-08, "_timestamp": 1709962972.29168, "_runtime": 158.49222421646118, "_step": 2000, "_wandb": {"runtime": 155}}