{"train_loss": 0.00018992397420118786, "val_loss": 0.00036275838817943215, "_timestamp": 1709944757.7643442, "_runtime": 8.525785207748413, "_step": 0, "_wandb": {"runtime": 5}}