{"train_loss": 0.0003456114199771785, "val_loss": 0.00031220751343502, "_timestamp": 1709944027.3228288, "_runtime": 7.050215721130371, "_step": 0, "_wandb": {"runtime": 4}}