{"train_loss": 0.0002693860841705784, "val_loss": 0.0002945551575301865, "_timestamp": 1709944102.095157, "_runtime": 8.20078182220459, "_step": 0, "_wandb": {"runtime": 5}}