{"train_loss": 0.00012619163975132787, "val_loss": 0.0003394271112392999, "_timestamp": 1709945243.7147954, "_runtime": 15.372097253799438, "_step": 0, "_wandb": {"runtime": 12}}