{"train_loss": 0.005615656486616898, "val_loss": 0.005617062658435262, "_timestamp": 1709943796.5083466, "_runtime": 6.22140645980835, "_step": 0, "_wandb": {"runtime": 3}}