{"train_loss": 0.0008159095091386647, "val_loss": 0.0008482877660030687, "_timestamp": 1709944201.497062, "_runtime": 7.420677900314331, "_step": 0, "_wandb": {"runtime": 3}}