{"train_loss": 0.0001964726597193546, "val_loss": 0.00030502323781662086, "_timestamp": 1709945015.0577366, "_runtime": 8.102890729904175, "_step": 0, "_wandb": {"runtime": 4}}