{"train_loss": 0.00018329983985427697, "val_loss": 0.0001680870191194117, "lr": 5.258872548610129e-08, "train_mae": 0.005013409070670605, "val_mae": 0.005669823847711086, "train_r2": 0.9864091277122498, "val_r2": 0.9871546626091003, "_timestamp": 1710380363.6354084, "_runtime": 244.75406742095947, "_step": 2000, "final_mse": 969.253820988108, "final_mae": 13.45392415923282, "final_r2": 0.9871546408785592, "_wandb": {"runtime": 243}}