{"train_loss": 9.862501604004123e-05, "val_loss": 0.0003239619545638561, "lr": 5.258872548610129e-08, "train_mae": 0.005262950900942087, "val_mae": 0.006576002575457096, "train_r2": 0.992859959602356, "val_r2": 0.9758688807487488, "_timestamp": 1710397258.7030647, "_runtime": 242.31223678588867, "_step": 2000, "final_mse": 238.12140902023685, "final_mae": 5.5638244869251965, "final_r2": 0.975868626025532, "_wandb": {"runtime": 239}}