{"train_loss": 0.0031128394236729163, "val_loss": 0.003235196092824652, "_timestamp": 1709943629.6697447, "_runtime": 6.346951723098755, "_step": 0, "_wandb": {"runtime": 3}}