{"train_loss": 0.00018166744705148412, "val_loss": 9.560601756675169e-05, "lr": 5.258872548610129e-08, "train_mae": 0.005055265501141548, "val_mae": 0.005341972224414349, "train_r2": 0.9864826798439026, "val_r2": 0.9929242134094238, "_timestamp": 1710373809.2024434, "_runtime": 253.269216299057, "_step": 2000, "final_mse": 542.6547908209745, "final_mae": 12.675964743816792, "final_r2": 0.9929242311630353, "_wandb": {"runtime": 252}}