{"train_loss": 0.0001954492000185912, "val_loss": 0.0002812742598148628, "_timestamp": 1709946058.2294114, "_runtime": 10.009995460510254, "_step": 0, "_wandb": {"runtime": 7}}