{"train_loss": 0.00022161910398218643, "val_loss": 0.00037919232040224194, "_timestamp": 1709945650.2044601, "_runtime": 8.413948059082031, "_step": 0, "_wandb": {"runtime": 4}}