{"train_loss": 0.0002247009861724803, "val_loss": 0.0002849646800053625, "_timestamp": 1709946010.2304702, "_runtime": 9.551387071609497, "_step": 0, "_wandb": {"runtime": 5}}