{"train_loss": 0.00017622648164877726, "val_loss": 0.00026556590881607464, "_timestamp": 1709946756.535466, "_runtime": 9.909738063812256, "_step": 0, "_wandb": {"runtime": 7}}