{"train_loss": 0.00045770844412921905, "val_loss": 0.0004484764598413178, "_timestamp": 1709944610.6078033, "_runtime": 7.661583423614502, "_step": 0, "_wandb": {"runtime": 4}}