{"train_loss": 0.00019644995462327983, "val_loss": 0.0002992251440522012, "train_mae": 0.00978384887943487, "val_mae": 0.010850519547159609, "train_r2": 0.9899220631768438, "val_r2": 0.983846191511765, "_timestamp": 1709968402.643589, "_runtime": 14.260899066925049, "_step": 0, "_wandb": {"runtime": 10}}