{"train_loss": 0.00020504650511608314, "val_loss": 0.0003548528679545391, "_timestamp": 1709944470.5916202, "_runtime": 13.256083250045776, "_step": 0, "_wandb": {"runtime": 6}}