{"train_loss": 0.026318975058129898, "val_loss": 0.026028770197702715, "_timestamp": 1709944170.3438098, "_runtime": 6.279952764511108, "_step": 0, "_wandb": {"runtime": 3}}