{"train_loss": 0.00023806216685965835, "val_loss": 0.000270392483798787, "lr": 5.258872548610129e-08, "train_mae": 0.010581382550299168, "val_mae": 0.01092210877686739, "train_r2": 0.9877403378486633, "val_r2": 0.9856464862823486, "_timestamp": 1709965116.2123625, "_runtime": 386.09674763679504, "_step": 2000, "_wandb": {"runtime": 383}}