{"train_loss": 0.0005417356146713103, "val_loss": 0.0007154086922125809, "_timestamp": 1709943471.6839695, "_runtime": 6.647887468338013, "_step": 0, "_wandb": {"runtime": 3}}