{"train_loss": 0.0003158483836772335, "val_loss": 0.00030989462994181335, "_timestamp": 1709944858.5651364, "_runtime": 9.422372341156006, "_step": 0, "_wandb": {"runtime": 5}}