{"train_loss": 0.0002999316679456467, "val_loss": 0.0003074547143938356, "_timestamp": 1709945027.7623703, "_runtime": 6.767134428024292, "_step": 0, "_wandb": {"runtime": 3}}