{"train_loss": 0.00015530864902916027, "val_loss": 0.00048087171026523444, "_timestamp": 1709944659.0621138, "_runtime": 11.949943780899048, "_step": 0, "_wandb": {"runtime": 8}}