{"train_loss": 0.00019761840607154262, "val_loss": 0.00029790035943569695, "_timestamp": 1709944739.097499, "_runtime": 14.011065006256104, "_step": 0, "_wandb": {"runtime": 5}}