{"train_loss": 0.00011821402576293802, "val_loss": 0.0003976363514084369, "lr": 5.258872548610129e-08, "train_mae": 0.004611324053257704, "val_mae": 0.005948345176875591, "train_r2": 0.9912272095680237, "val_r2": 0.9698366522789001, "_timestamp": 1710374368.238806, "_runtime": 286.46640396118164, "_step": 2000, "final_mse": 2293.3987602889993, "final_mae": 14.114827342295278, "final_r2": 0.96983664030472, "_wandb": {"runtime": 285}}