{"train_loss": 0.00025885961227678196, "val_loss": 0.0002931308197703004, "_timestamp": 1709946199.156541, "_runtime": 7.080782175064087, "_step": 0, "_wandb": {"runtime": 4}}