{"train_loss": 0.00019752957685567545, "val_loss": 0.00026034530968968393, "train_mae": 0.009821252482798444, "val_mae": 0.01062475463356795, "train_r2": 0.9896874092187649, "val_r2": 0.9869033383967248, "_timestamp": 1709968423.602465, "_runtime": 14.331488847732544, "_step": 0, "_wandb": {"runtime": 10}}