{"train_loss": 6.679479054973628e-05, "val_loss": 0.0004039171908516437, "lr": 5.258872548610129e-08, "train_mae": 0.004071279428899288, "val_mae": 0.006636919919401407, "train_r2": 0.9951187968254089, "val_r2": 0.9711417555809021, "_timestamp": 1710396507.051594, "_runtime": 253.16371893882751, "_step": 2000, "final_mse": 295.65755834279935, "final_mae": 5.615364475388602, "final_r2": 0.9711419391905991, "_wandb": {"runtime": 250}}