{"train_loss": 0.00020052042741892275, "val_loss": 0.0027494027744978666, "lr": 5.258872548610129e-08, "train_mae": 0.007923590019345284, "val_mae": 0.013591122813522816, "train_r2": 0.9888461828231812, "val_r2": 0.8314392566680908, "_timestamp": 1710388418.583614, "_runtime": 251.54992818832397, "_step": 2000, "final_mse": 16.206906774653813, "final_mae": 1.0296635050798328, "final_r2": 0.831439255057346, "_wandb": {"runtime": 250}}