{"train_loss": 0.0002714820826298471, "val_loss": 0.00030592452824125847, "_timestamp": 1709945213.7365773, "_runtime": 8.44375228881836, "_step": 0, "_wandb": {"runtime": 5}}