{"train_loss": 7.671345820725503e-05, "val_loss": 0.0005605040933005512, "lr": 5.258872548610129e-08, "train_mae": 0.004740274045616388, "val_mae": 0.007642489857971668, "train_r2": 0.9944048523902893, "val_r2": 0.9599999785423279, "_timestamp": 1710395868.9625466, "_runtime": 252.9000644683838, "_step": 2000, "final_mse": 411.9046366220557, "final_mae": 6.466156575099177, "final_r2": 0.9600004992078325, "_wandb": {"runtime": 250}}