{"train_loss": 0.00017251805032471857, "val_loss": 0.00027916771031599616, "_timestamp": 1709946274.4169948, "_runtime": 18.928732872009277, "_step": 0, "_wandb": {"runtime": 15}}