{"train_loss": 7.151360425403946e-05, "val_loss": 0.00013233388017397374, "lr": 5.258872548610129e-08, "train_mae": 0.0042695822194218636, "val_mae": 0.005514624062925577, "train_r2": 0.9948039054870605, "val_r2": 0.9904181957244873, "_timestamp": 1710395599.0776703, "_runtime": 250.56468725204468, "_step": 2000, "final_mse": 96.27691739616162, "final_mae": 4.665813033820435, "final_r2": 0.9904181515495074, "_wandb": {"runtime": 247}}