{"train_loss": 0.00020437759284061392, "val_loss": 0.0009750094031915069, "lr": 5.258872548610129e-08, "train_mae": 0.007909166626632214, "val_mae": 0.012065140530467033, "train_r2": 0.9884727597236633, "val_r2": 0.9450151324272156, "_timestamp": 1710387903.6012905, "_runtime": 248.5230164527893, "_step": 2000, "final_mse": 5.710606682141558, "final_mae": 0.914055005206963, "final_r2": 0.945015128651299, "_wandb": {"runtime": 247}}