{"train_loss": 0.026362234829781162, "val_loss": 0.025855846393633673, "_timestamp": 1709944500.7217612, "_runtime": 5.596817255020142, "_step": 0, "_wandb": {"runtime": 3}}