{"train_loss": 6.132282305770786e-05, "val_loss": 0.0005857471842318773, "lr": 5.258872548610129e-08, "train_mae": 0.004135780967772007, "val_mae": 0.006790406070649624, "train_r2": 0.9954812526702881, "val_r2": 0.9591878652572632, "_timestamp": 1710392306.8409154, "_runtime": 243.50030636787415, "_step": 2000, "final_mse": 430.9990447842243, "final_mae": 5.745228366357677, "final_r2": 0.9591878301686125, "_wandb": {"runtime": 242}}