{"train_loss": 0.0007531442356832412, "val_loss": 0.0008989909623547042, "_timestamp": 1709943839.3833668, "_runtime": 11.934363842010498, "_step": 0, "_wandb": {"runtime": 3}}