{"train_loss": 0.00021495729225903197, "val_loss": 0.0025327070616185665, "lr": 5.258872548610129e-08, "train_mae": 0.00850838515907526, "val_mae": 0.013078510761260986, "train_r2": 0.9879097938537598, "val_r2": 0.850049614906311, "_timestamp": 1710383747.2382102, "_runtime": 257.22071528434753, "_step": 2000, "final_mse": 14.941350389337407, "final_mae": 0.990827932822272, "final_r2": 0.850049687416077, "_wandb": {"runtime": 255}}