{"train_loss": 0.0002342393421171669, "val_loss": 0.0005079878028482199, "lr": 5.258872548610129e-08, "train_mae": 0.010941978543996811, "val_mae": 0.013577930629253387, "train_r2": 0.9878785014152527, "val_r2": 0.973673403263092, "_timestamp": 1709964632.794999, "_runtime": 207.5958240032196, "_step": 2000, "_wandb": {"runtime": 204}}