{"train_loss": 0.00018641920121823685, "val_loss": 8.234340930357575e-05, "lr": 5.258872548610129e-08, "train_mae": 0.00508452020585537, "val_mae": 0.005050411447882652, "train_r2": 0.986221432685852, "val_r2": 0.9937279224395752, "_timestamp": 1710381886.297515, "_runtime": 245.62183499336243, "_step": 2000, "final_mse": 466.92162919072445, "final_mae": 11.984123311255267, "final_r2": 0.9937279254057829, "_wandb": {"runtime": 244}}