{"train_loss": 0.00026429120171464384, "val_loss": 0.00035550877887614363, "_timestamp": 1709946170.943253, "_runtime": 7.243600130081177, "_step": 0, "_wandb": {"runtime": 4}}