{"train_loss": 0.00023346844065885353, "val_loss": 0.0006234656902961433, "lr": 5.258872548610129e-08, "train_mae": 0.008547980338335037, "val_mae": 0.011104295030236244, "train_r2": 0.987075924873352, "val_r2": 0.961870014667511, "_timestamp": 1710389727.4160237, "_runtime": 255.0931258201599, "_step": 2000, "final_mse": 3.666281352792351, "final_mae": 0.8412615053542537, "final_r2": 0.9618700304306129, "_wandb": {"runtime": 253}}