{"train_loss": 0.0003450134224350503, "val_loss": 0.0004306055466910206, "_timestamp": 1709944576.7870793, "_runtime": 7.190289258956909, "_step": 0, "_wandb": {"runtime": 4}}