{"train_loss": 0.0003902296432782586, "val_loss": 0.0005492408219209374, "_timestamp": 1709943727.2305496, "_runtime": 6.45259165763855, "_step": 0, "_wandb": {"runtime": 3}}