{"train_loss": 0.00029366162100759465, "val_loss": 0.0003503784191812393, "_timestamp": 1709944086.5235338, "_runtime": 6.547757863998413, "_step": 0, "_wandb": {"runtime": 3}}