{"train_loss": 0.07114655392843873, "val_loss": 0.00456268573179841, "lr": 0.001, "_timestamp": 1709931660.4491632, "_runtime": 6.709524154663086, "_step": 0, "_wandb": {"runtime": 4}}