{"train_loss": 0.00018977744554478314, "val_loss": 0.0012267042184248567, "lr": 5.258872548610129e-08, "train_mae": 0.00791495107114315, "val_mae": 0.011855174787342548, "train_r2": 0.9894663095474243, "val_r2": 0.9245865345001221, "_timestamp": 1710384544.8141832, "_runtime": 256.2006993293762, "_step": 2000, "final_mse": 7.147579650134031, "final_mae": 0.8981481765588947, "final_r2": 0.9245864615119129, "_wandb": {"runtime": 254}}