{"train_loss": 0.00019887072046431535, "val_loss": 0.00029556016674039856, "_timestamp": 1709945884.528252, "_runtime": 12.76803183555603, "_step": 0, "_wandb": {"runtime": 9}}