{"train_loss": 0.026437040203697953, "val_loss": 0.025556824246064907, "_timestamp": 1709943413.7567446, "_runtime": 5.52927565574646, "_step": 0, "_wandb": {"runtime": 3}}