{"train_loss": 0.0002446624059805974, "val_loss": 0.0003094645217061043, "lr": 5.258872548610129e-08, "_timestamp": 1709937815.0255542, "_runtime": 337.66675209999084, "_step": 2000, "_wandb": {"runtime": 335}}