{"train_loss": 0.00018853761121172467, "val_loss": 0.0003444963999664185, "_timestamp": 1709945726.3197608, "_runtime": 12.622645854949951, "_step": 0, "_wandb": {"runtime": 9}}