{"train_loss": 0.00017420826739261662, "val_loss": 0.0020955526269972324, "lr": 5.258872548610129e-08, "train_mae": 0.007610993925482035, "val_mae": 0.01432171929627657, "train_r2": 0.9899476766586304, "val_r2": 0.8877468109130859, "_timestamp": 1710388938.16522, "_runtime": 253.49296808242798, "_step": 2000, "final_mse": 12.353220141548674, "final_mae": 1.0850134102223452, "final_r2": 0.8877467342672641, "_wandb": {"runtime": 252}}