{"train_loss": 0.00021835680164551663, "val_loss": 0.002209903672337532, "lr": 5.258872548610129e-08, "train_mae": 0.008476476185023785, "val_mae": 0.013963451609015465, "train_r2": 0.9875287413597107, "val_r2": 0.8847119808197021, "_timestamp": 1710384014.434144, "_runtime": 258.87571692466736, "_step": 2000, "final_mse": 12.275722184328899, "final_mae": 1.0578711005887838, "final_r2": 0.8847120967107428, "_wandb": {"runtime": 257}}