{"train_loss": 0.0002525881431463333, "val_loss": 0.0003534516184236429, "_timestamp": 1709944485.383608, "_runtime": 8.23611307144165, "_step": 0, "_wandb": {"runtime": 5}}