{"train_loss": 0.00022990222676023047, "val_loss": 0.0002799273934215307, "lr": 5.258872548610129e-08, "_timestamp": 1709936467.2990103, "_runtime": 322.015563249588, "_step": 2000, "_wandb": {"runtime": 319}}