{"train_loss": 0.00018858798297560121, "val_loss": 7.94324223534204e-05, "lr": 5.258872548610129e-08, "train_mae": 0.005036350805312395, "val_mae": 0.00496917637065053, "train_r2": 0.9860337972640991, "val_r2": 0.9940944910049438, "_timestamp": 1710379605.3921688, "_runtime": 246.37808275222778, "_step": 2000, "final_mse": 442.88504592648377, "final_mae": 11.791353333468269, "final_r2": 0.9940944938113291, "_wandb": {"runtime": 245}}