{"train_loss": 0.00023736832136296956, "val_loss": 0.00038465193938463926, "lr": 0.001, "_timestamp": 1709933680.497218, "_runtime": 534.6147849559784, "_step": 3000, "_wandb": {"runtime": 532}}