{"train_loss": 0.00018519538775556085, "val_loss": 0.0003516358779482453, "_timestamp": 1709946699.4619362, "_runtime": 10.214194297790527, "_step": 0, "_wandb": {"runtime": 7}}