{"train_loss": 0.0001793869001657052, "val_loss": 0.00036581652182514926, "_timestamp": 1709945939.4555454, "_runtime": 13.689505338668823, "_step": 0, "_wandb": {"runtime": 10}}