{"train_loss": 0.0002540115364489735, "val_loss": 0.0003597792820073664, "lr": 9.03548385536996e-08, "_timestamp": 1709937391.4910557, "_runtime": 180.06791067123413, "_step": 1000, "_wandb": {"runtime": 178}}