{"train_loss": 0.0001865488347098576, "val_loss": 0.00038231876939036325, "train_mae": 0.009701124784418747, "val_mae": 0.011307845101340053, "train_r2": 0.9905079728880716, "val_r2": 0.9786114269383632, "_timestamp": 1709968444.5644917, "_runtime": 14.421841859817505, "_step": 0, "_wandb": {"runtime": 11}}