{"train_loss": 0.0002337337572506171, "val_loss": 0.0015952861867845058, "lr": 5.258872548610129e-08, "train_mae": 0.008382167667150497, "val_mae": 0.01334361918270588, "train_r2": 0.9871739745140076, "val_r2": 0.9142529964447021, "_timestamp": 1710387135.1414669, "_runtime": 247.645516872406, "_step": 2000, "final_mse": 9.287483225425422, "final_mae": 1.0109127185011157, "final_r2": 0.9142530991465819, "_wandb": {"runtime": 246}}