{"train_loss": 6.769586331929606e-05, "val_loss": 0.0013247844763100147, "lr": 5.258872548610129e-08, "train_mae": 0.003974046558141708, "val_mae": 0.007586098276078701, "train_r2": 0.9950780868530273, "val_r2": 0.903877854347229, "_timestamp": 1710398025.4242685, "_runtime": 244.73336839675903, "_step": 2000, "final_mse": 974.4836875160362, "final_mae": 6.418445693258177, "final_r2": 0.9038785622600621, "_wandb": {"runtime": 242}}