{"train_loss": 0.0004295065967799417, "val_loss": 0.0005480551256191701, "_timestamp": 1709944998.2371337, "_runtime": 6.84008264541626, "_step": 0, "_wandb": {"runtime": 3}}