{"train_loss": 0.00021815454021363736, "val_loss": 0.0004363172338344157, "lr": 5.258872548610129e-08, "_timestamp": 1709950571.7762423, "_runtime": 157.2139241695404, "_step": 2000, "_wandb": {"runtime": 153}}