{"train_loss": 0.00019000321000369326, "val_loss": 0.00033466708677461047, "_timestamp": 1709946345.369458, "_runtime": 12.558444023132324, "_step": 0, "_wandb": {"runtime": 9}}