{"train_loss": 0.00022499610349526085, "val_loss": 0.00031959643283474657, "_timestamp": 1709946555.6990933, "_runtime": 8.490480422973633, "_step": 0, "_wandb": {"runtime": 5}}