{"train_loss": 0.00021451546082908475, "val_loss": 0.00032956059101049007, "_timestamp": 1709945758.6692324, "_runtime": 9.663736343383789, "_step": 0, "_wandb": {"runtime": 6}}