{"train_loss": 0.019619114290764357, "val_loss": 0.022248297929763794, "lr": 0.1, "_timestamp": 1709934929.2199256, "_runtime": 305.4177906513214, "_step": 2000, "_wandb": {"runtime": 303}}