{"train_loss": 0.0001867222943188563, "val_loss": 0.0005128806224092841, "lr": 5.258872548610129e-08, "train_mae": 0.004966600798070431, "val_mae": 0.005759587977081537, "train_r2": 0.986179530620575, "val_r2": 0.9602908492088318, "_timestamp": 1710378058.1284587, "_runtime": 455.9302167892456, "_step": 2000, "final_mse": 2968.002637738883, "final_mae": 13.666929320656575, "final_r2": 0.9602908823616048, "_wandb": {"runtime": 454}}