{"train_loss": 0.00027740146330922343, "val_loss": 0.0002798243905386047, "_timestamp": 1709944396.0633073, "_runtime": 9.09837818145752, "_step": 0, "_wandb": {"runtime": 6}}