{"train_loss": 0.00010700171365476481, "val_loss": 0.0008632510434836149, "lr": 5.258872548610129e-08, "train_mae": 0.004751767497509718, "val_mae": 0.007075907196849585, "train_r2": 0.9921526312828064, "val_r2": 0.9331421256065369, "_timestamp": 1710373291.920499, "_runtime": 235.67029809951782, "_step": 2000, "final_mse": 4993.416279786307, "final_mae": 16.790415282570642, "final_r2": 0.9331421017119229, "_wandb": {"runtime": 234}}