{"train_loss": 0.00012177478889828886, "val_loss": 0.00039366845157928765, "lr": 5.258872548610129e-08, "train_mae": 0.004682399798184633, "val_mae": 0.005908559542149305, "train_r2": 0.990918755531311, "val_r2": 0.9704588055610657, "_timestamp": 1710378348.908504, "_runtime": 282.1617410182953, "_step": 2000, "final_mse": 2277.474378508691, "final_mae": 14.020421104312563, "final_r2": 0.9704588301724054, "_wandb": {"runtime": 280}}