{"train_loss": 0.0002890366948330403, "val_loss": 0.0003042189645874216, "_timestamp": 1709944322.7231412, "_runtime": 8.825096130371094, "_step": 0, "_wandb": {"runtime": 5}}