{"train_loss": 0.0001518570788164114, "val_loss": 0.00028044285371159105, "_timestamp": 1709943568.8086076, "_runtime": 26.820775508880615, "_step": 0, "_wandb": {"runtime": 23}}