{"train_loss": 0.00019444389351432463, "val_loss": 0.00031592568904978733, "_timestamp": 1709945846.1178122, "_runtime": 9.327022075653076, "_step": 0, "_wandb": {"runtime": 6}}