{"train_loss": 0.00020778757052614897, "val_loss": 0.0009085471392609179, "lr": 5.258872548610129e-08, "train_mae": 0.008122372440993786, "val_mae": 0.011889958754181862, "train_r2": 0.9882007241249084, "val_r2": 0.9505016803741455, "_timestamp": 1710387391.2291684, "_runtime": 248.79390740394592, "_step": 2000, "final_mse": 5.3055470397880535, "final_mae": 0.9007830786433244, "final_r2": 0.9505016720589049, "_wandb": {"runtime": 247}}