{"train_loss": 0.00019354891237572628, "val_loss": 0.00033226570045546353, "_timestamp": 1709946663.741344, "_runtime": 15.104526996612549, "_step": 0, "_wandb": {"runtime": 10}}