{"train_loss": 0.000392069066163533, "val_loss": 0.0003892991939002921, "_timestamp": 1709943867.8977022, "_runtime": 9.005107164382935, "_step": 0, "_wandb": {"runtime": 3}}