{"train_loss": 0.00019036023273235686, "val_loss": 0.001092871418222785, "lr": 5.258872548610129e-08, "train_mae": 0.008188514970242977, "val_mae": 0.01202462799847126, "train_r2": 0.9894179105758667, "val_r2": 0.9327709078788757, "_timestamp": 1710389200.2878985, "_runtime": 253.57229852676392, "_step": 2000, "final_mse": 6.388121598847928, "final_mae": 0.9109858466430031, "final_r2": 0.9327708602207831, "_wandb": {"runtime": 252}}