{"train_loss": 0.0001782886169211985, "val_loss": 0.0008851569145917892, "lr": 5.258872548610129e-08, "train_mae": 0.007683774456381798, "val_mae": 0.010937558487057686, "train_r2": 0.9901679158210754, "val_r2": 0.9435402154922485, "_timestamp": 1710384281.3261979, "_runtime": 258.21870589256287, "_step": 2000, "final_mse": 5.2086113506451275, "final_mae": 0.8286295024496286, "final_r2": 0.9435402590984191, "_wandb": {"runtime": 257}}