{"train_loss": 0.00011966789347489561, "val_loss": 0.0003434614627622068, "lr": 5.258872548610129e-08, "train_mae": 0.004582692869007587, "val_mae": 0.005415669642388821, "train_r2": 0.9909759163856506, "val_r2": 0.9753527641296387, "_timestamp": 1710370789.1503465, "_runtime": 245.29143357276917, "_step": 2000, "final_mse": 1981.6969652408604, "final_mae": 12.85084024411533, "final_r2": 0.9753527633627299, "_wandb": {"runtime": 243}}