{"train_loss": 0.00024244816990014577, "val_loss": 0.0003080822312648031, "_timestamp": 1709945127.6170962, "_runtime": 8.248964071273804, "_step": 0, "_wandb": {"runtime": 3}}