{"train_loss": 0.000200422494654474, "val_loss": 0.0002601483140767569, "_timestamp": 1709945704.0638795, "_runtime": 11.426419496536255, "_step": 0, "_wandb": {"runtime": 7}}