{"train_loss": 0.00019661996096960474, "val_loss": 0.0003234853485934319, "train_mae": 0.00986202126097092, "val_mae": 0.010611201569184455, "train_r2": 0.9897838846104012, "val_r2": 0.9834175205521449, "_timestamp": 1709968379.320502, "_runtime": 13.96563196182251, "_step": 0, "_wandb": {"runtime": 10}}