{"train_loss": 0.0005278465579770815, "val_loss": 0.0005600389108227243, "_timestamp": 1709944138.901514, "_runtime": 6.343335151672363, "_step": 0, "_wandb": {"runtime": 3}}