{"train_loss": 7.349470096347086e-05, "val_loss": 0.0005308877443894744, "lr": 5.258872548610129e-08, "train_mae": 0.004310320597141981, "val_mae": 0.00679716095328331, "train_r2": 0.994678795337677, "val_r2": 0.9607283473014832, "_timestamp": 1710394577.0949783, "_runtime": 242.17119431495667, "_step": 2000, "final_mse": 390.64096984802376, "final_mae": 5.75094091986622, "final_r2": 0.9607282892554082, "_wandb": {"runtime": 238}}