{"train_loss": 0.00018556969174343135, "val_loss": 6.65157349430956e-05, "lr": 5.258872548610129e-08, "train_mae": 0.004884637892246246, "val_mae": 0.005061325617134571, "train_r2": 0.986291229724884, "val_r2": 0.9949277639389038, "_timestamp": 1710380870.7963502, "_runtime": 247.75984835624695, "_step": 2000, "final_mse": 382.3966988347742, "final_mae": 12.010014181028378, "final_r2": 0.9949277955835111, "_wandb": {"runtime": 246}}