{"train_loss": 0.00018355536048456485, "val_loss": 0.00035850131338530946, "train_mae": 0.009803925626394764, "val_mae": 0.011982709166109305, "train_r2": 0.9902185999744285, "val_r2": 0.9815476791693918, "_timestamp": 1709968989.296391, "_runtime": 7.4678521156311035, "_step": 0, "_wandb": {"runtime": 4}}