{"train_loss": 0.02579264655257154, "val_loss": 0.02435123934595594, "_timestamp": 1709943429.0993834, "_runtime": 5.4042322635650635, "_step": 0, "_wandb": {"runtime": 3}}