{"train_loss": 0.00021052878848486312, "val_loss": 0.00032069211312511114, "_timestamp": 1709943959.5482438, "_runtime": 8.940739870071411, "_step": 0, "_wandb": {"runtime": 6}}