{"train_loss": 0.007458981963618115, "val_loss": 0.007404170370751606, "_timestamp": 1709943673.8998353, "_runtime": 6.033189296722412, "_step": 0, "_wandb": {"runtime": 3}}