{"train_loss": 0.000207457651282771, "val_loss": 0.0002398998936396504, "_timestamp": 1709945774.6896803, "_runtime": 9.78248929977417, "_step": 0, "_wandb": {"runtime": 5}}