{"train_loss": 0.00021490173954093322, "val_loss": 0.0012987114023417234, "lr": 5.258872548610129e-08, "train_mae": 0.008382013998925686, "val_mae": 0.012454435229301453, "train_r2": 0.9877643585205078, "val_r2": 0.9301497340202332, "_timestamp": 1710385332.377912, "_runtime": 249.16616010665894, "_step": 2000, "final_mse": 7.528500090711542, "final_mae": 0.9435479885753573, "final_r2": 0.9301497406273523, "_wandb": {"runtime": 247}}