{"train_loss": 0.00020213339990123166, "val_loss": 0.0003319568847031595, "_timestamp": 1709946118.1145148, "_runtime": 10.453320741653442, "_step": 0, "_wandb": {"runtime": 8}}