{"train_loss": 0.0001919823389370671, "val_loss": 0.0003174754338446196, "_timestamp": 1709946216.0819163, "_runtime": 11.065242290496826, "_step": 0, "_wandb": {"runtime": 7}}