{"train_loss": 0.00017904841126153314, "val_loss": 0.0002630069461020086, "_timestamp": 1709945454.6480205, "_runtime": 10.679759502410889, "_step": 0, "_wandb": {"runtime": 7}}