{"train_loss": 0.00022899108964144968, "val_loss": 0.0003612408147740677, "_timestamp": 1709944966.0661995, "_runtime": 7.42302942276001, "_step": 0, "_wandb": {"runtime": 4}}