{"train_loss": 0.00019128421031778845, "val_loss": 0.0002529476203739423, "_timestamp": 1709946096.6638768, "_runtime": 9.831227779388428, "_step": 0, "_wandb": {"runtime": 6}}