{"train_loss": 0.00018499260475752732, "val_loss": 7.52506239223294e-05, "lr": 5.258872548610129e-08, "train_mae": 0.004994017072021961, "val_mae": 0.004822599235922098, "train_r2": 0.9861589074134827, "val_r2": 0.9951040148735046, "_timestamp": 1710375751.7523003, "_runtime": 452.0662302970886, "_step": 2000, "final_mse": 382.3521536358764, "final_mae": 11.44354406263915, "final_r2": 0.9951039953561917, "_wandb": {"runtime": 450}}