{"train_loss": 0.0003389489232198136, "val_loss": 0.0003561934494712532, "_timestamp": 1709943714.088645, "_runtime": 7.747488975524902, "_step": 0, "_wandb": {"runtime": 4}}