{"train_loss": 0.00017540278667717554, "val_loss": 0.00010961625957861543, "lr": 5.258872548610129e-08, "train_mae": 0.004881132394075394, "val_mae": 0.005340614356100559, "train_r2": 0.9871737360954285, "val_r2": 0.9911339282989502, "_timestamp": 1710371147.952866, "_runtime": 245.18420910835266, "_step": 2000, "final_mse": 630.5509729510576, "final_mae": 12.672745994449285, "final_r2": 0.9911339271566135, "_wandb": {"runtime": 243}}