{"train_loss": 0.0001875374135486169, "val_loss": 0.0003169119232548351, "_timestamp": 1709946421.7294827, "_runtime": 10.430550575256348, "_step": 0, "_wandb": {"runtime": 7}}