{"train_loss": 0.00032379318568647543, "val_loss": 0.0004047394175198744, "_timestamp": 1709944350.5991488, "_runtime": 7.140090703964233, "_step": 0, "_wandb": {"runtime": 4}}