{"train_loss": 0.0002012109196148832, "val_loss": 0.0017338322941213846, "lr": 5.258872548610129e-08, "train_mae": 0.008143444545567036, "val_mae": 0.012601587921380997, "train_r2": 0.9884629845619202, "val_r2": 0.9053054451942444, "_timestamp": 1710386371.0450633, "_runtime": 247.89337515830994, "_step": 2000, "final_mse": 10.228989357782117, "final_mae": 0.954696446354525, "final_r2": 0.9053055146279168, "_wandb": {"runtime": 246}}