{"train_loss": 0.0006972952505612457, "val_loss": 0.0007472288293970523, "_timestamp": 1709945620.6660202, "_runtime": 8.605529069900513, "_step": 0, "_wandb": {"runtime": 4}}