{"train_loss": 0.00023639783687534138, "val_loss": 0.00025201981770806015, "lr": 5.258872548610129e-08, "_timestamp": 1709942638.3259625, "_runtime": 310.2763924598694, "_step": 2000, "_wandb": {"runtime": 308}}