{"train_loss": 0.0002241383967971254, "val_loss": 0.000397444884771776, "_timestamp": 1709945605.593522, "_runtime": 7.280900955200195, "_step": 0, "_wandb": {"runtime": 4}}