{"train_loss": 0.0002557364959972006, "val_loss": 0.00047903385957610183, "_timestamp": 1709945337.9697375, "_runtime": 8.720739603042603, "_step": 0, "_wandb": {"runtime": 5}}