{"train_loss": 0.0002539871765218761, "val_loss": 0.00033601196885791137, "_timestamp": 1709945538.4756894, "_runtime": 9.066941499710083, "_step": 0, "_wandb": {"runtime": 3}}