{"train_loss": 0.00020645919282022955, "val_loss": 0.00027741236768183294, "_timestamp": 1709945791.3120797, "_runtime": 10.657221555709839, "_step": 0, "_wandb": {"runtime": 6}}