{"train_loss": 0.00030609500210431156, "val_loss": 0.00033973009928768127, "_timestamp": 1709943742.0742147, "_runtime": 8.56069278717041, "_step": 0, "_wandb": {"runtime": 5}}