{"train_loss": 0.0002576872678006073, "val_loss": 0.0003376876120455563, "lr": 0.001, "_timestamp": 1709933054.2459717, "_runtime": 583.2613806724548, "_step": 2000, "_wandb": {"runtime": 581}}