{"train_loss": 0.0001741023027864063, "val_loss": 0.0002914073175708352, "_timestamp": 1709945979.1047685, "_runtime": 18.00767159461975, "_step": 0, "_wandb": {"runtime": 14}}