{"train_loss": 0.00018051949205758996, "val_loss": 0.0002441249552283868, "_timestamp": 1709946247.0775654, "_runtime": 17.84555149078369, "_step": 0, "_wandb": {"runtime": 13}}