{"train_loss": 0.0009690547710890624, "val_loss": 0.0010272728930654238, "_timestamp": 1709944365.9829779, "_runtime": 7.565561771392822, "_step": 0, "_wandb": {"runtime": 3}}