{"train_loss": 0.00029073489170509384, "val_loss": 0.00031084490065186527, "_timestamp": 1709944531.1888838, "_runtime": 8.737975835800171, "_step": 0, "_wandb": {"runtime": 5}}