{"train_loss": 0.0003186713810389338, "val_loss": 0.000370250806277943, "_timestamp": 1709944562.9620214, "_runtime": 8.148226261138916, "_step": 0, "_wandb": {"runtime": 5}}