{"train_loss": 0.02642220072457347, "val_loss": 0.025616142616982234, "_timestamp": 1709943497.240559, "_runtime": 5.427680015563965, "_step": 0, "_wandb": {"runtime": 3}}