{"train_loss": 0.00014419777617170795, "val_loss": 0.0004869911417312079, "_timestamp": 1709945097.664601, "_runtime": 14.991832971572876, "_step": 0, "_wandb": {"runtime": 11}}