{"train_loss": 0.0002593235632936226, "val_loss": 0.00035415929730568495, "_timestamp": 1709945259.0478163, "_runtime": 6.572356224060059, "_step": 0, "_wandb": {"runtime": 4}}