{"train_loss": 0.00042571459983653406, "val_loss": 0.0005337639821942411, "_timestamp": 1709943686.921642, "_runtime": 6.429059982299805, "_step": 0, "_wandb": {"runtime": 3}}