{"train_loss": 0.026089194879581595, "val_loss": 0.026947278572979076, "_timestamp": 1709944841.5807931, "_runtime": 6.521634101867676, "_step": 0, "_wandb": {"runtime": 3}}