{"train_loss": 0.00014444529595415925, "val_loss": 0.0003383857704863492, "_timestamp": 1709944304.3205004, "_runtime": 21.019293308258057, "_step": 0, "_wandb": {"runtime": 17}}