{"train_loss": 0.00013376931317869822, "val_loss": 0.00039543507663844334, "_timestamp": 1709945317.2980263, "_runtime": 9.932291269302368, "_step": 0, "_wandb": {"runtime": 6}}