{"train_loss": 0.00018068738311124633, "val_loss": 0.00037292379677250794, "train_mae": 0.009735773022980938, "val_mae": 0.01224412661562424, "train_r2": 0.9912091220158616, "val_r2": 0.9803499342931813, "_timestamp": 1709968947.8075337, "_runtime": 7.702409744262695, "_step": 0, "_wandb": {"runtime": 4}}