{"train_loss": 0.0001152557280333857, "val_loss": 0.0003683461691252887, "lr": 5.258872548610129e-08, "train_mae": 0.004603207111358643, "val_mae": 0.00561599712818861, "train_r2": 0.9914883375167847, "val_r2": 0.9713032841682434, "_timestamp": 1710378850.0982049, "_runtime": 238.6144118309021, "_step": 2000, "final_mse": 2130.8486800947835, "final_mae": 13.326197790274353, "final_r2": 0.9713033305150927, "_wandb": {"runtime": 237}}