{"train_loss": 0.00017924880919457806, "val_loss": 0.00031933660786176877, "_timestamp": 1709946383.6151316, "_runtime": 12.088490724563599, "_step": 0, "_wandb": {"runtime": 9}}