{"train_loss": 0.00023952379810810833, "val_loss": 0.00033113834797404706, "lr": 9.03548385536996e-08, "_timestamp": 1709937169.7630806, "_runtime": 170.6142716407776, "_step": 1000, "_wandb": {"runtime": 167}}