{"train_loss": 0.00013188829542420865, "val_loss": 0.00038231945560133465, "_timestamp": 1709945671.428877, "_runtime": 13.454445123672485, "_step": 0, "_wandb": {"runtime": 10}}