{"train_loss": 0.026132473257460483, "val_loss": 0.026774280393583105, "_timestamp": 1709943852.2227101, "_runtime": 6.145393133163452, "_step": 0, "_wandb": {"runtime": 3}}