{"train_loss": 0.00022264354675884378, "val_loss": 0.0004296205588616431, "lr": 5.258872548610129e-08, "train_mae": 0.010544780641794205, "val_mae": 0.013032284565269947, "train_r2": 0.9879993200302124, "val_r2": 0.9779282808303833, "_timestamp": 1709964229.9849787, "_runtime": 208.2775297164917, "_step": 2000, "_wandb": {"runtime": 205}}