{"train_loss": 8.912736007944711e-05, "val_loss": 0.0005021269898861647, "lr": 5.258872548610129e-08, "train_mae": 0.004678619559854269, "val_mae": 0.006618290673941374, "train_r2": 0.993689775466919, "val_r2": 0.9595740437507629, "_timestamp": 1710390776.8049674, "_runtime": 254.44265031814575, "_step": 2000, "final_mse": 368.3969174031659, "final_mae": 5.59960512341119, "final_r2": 0.9595738828046149, "_wandb": {"runtime": 253}}