{"train_loss": 0.00018967318391340326, "val_loss": 0.00036261658533476293, "lr": 5.258872548610129e-08, "train_mae": 0.005112906452268362, "val_mae": 0.0057603418827056885, "train_r2": 0.9857226014137268, "val_r2": 0.9737963080406189, "_timestamp": 1710381631.266813, "_runtime": 246.84650015830994, "_step": 2000, "final_mse": 2096.9522966925592, "final_mae": 13.668717219377433, "final_r2": 0.9737962759822466, "_wandb": {"runtime": 245}}