{"train_loss": 0.0002184545471031706, "val_loss": 0.0002793287465678326, "_timestamp": 1709945994.793413, "_runtime": 7.787389039993286, "_step": 0, "_wandb": {"runtime": 4}}