{"train_loss": 0.0002051254948782288, "val_loss": 0.0002814328672811821, "_timestamp": 1709944984.6404123, "_runtime": 8.32120943069458, "_step": 0, "_wandb": {"runtime": 4}}