{"train_loss": 0.00018426522186476793, "val_loss": 0.00035498516170022254, "_timestamp": 1709944771.7777593, "_runtime": 7.6492063999176025, "_step": 0, "_wandb": {"runtime": 4}}