{"train_loss": 0.0002622034293699082, "val_loss": 0.0003235924572382097, "_timestamp": 1709945953.6880105, "_runtime": 7.657213449478149, "_step": 0, "_wandb": {"runtime": 4}}