{"train_loss": 0.00037775054752091066, "val_loss": 0.0005190841295742369, "_timestamp": 1709944627.9376862, "_runtime": 8.98160719871521, "_step": 0, "_wandb": {"runtime": 3}}