{"train_loss": 0.00027389462699624605, "val_loss": 0.00032548136993895384, "_timestamp": 1709944548.519531, "_runtime": 11.255311965942383, "_step": 0, "_wandb": {"runtime": 5}}