{"train_loss": 0.00018459629499683472, "val_loss": 0.0009686429984867573, "lr": 5.258872548610129e-08, "train_mae": 0.007789732422679663, "val_mae": 0.01216125302016735, "train_r2": 0.9897278547286987, "val_r2": 0.9401507377624512, "_timestamp": 1710384810.0049264, "_runtime": 255.82674837112427, "_step": 2000, "final_mse": 5.713993890134431, "final_mae": 0.9213364258603112, "final_r2": 0.9401507782748699, "_wandb": {"runtime": 254}}