{"train_loss": 0.00019318074221418583, "val_loss": 0.0003162871827440022, "train_mae": 0.009719450234272472, "val_mae": 0.010939125135975095, "train_r2": 0.9900625939932196, "val_r2": 0.9831195218275628, "_timestamp": 1709968464.6232188, "_runtime": 13.51953673362732, "_step": 0, "_wandb": {"runtime": 10}}