{"train_loss": 0.00021296849052462112, "val_loss": 0.0002684904748223592, "_timestamp": 1709943904.5863552, "_runtime": 16.424543142318726, "_step": 0, "_wandb": {"runtime": 10}}