{"train_loss": 0.019407397872308357, "val_loss": 0.018675507749004294, "_timestamp": 1709943700.5658188, "_runtime": 6.866884708404541, "_step": 0, "_wandb": {"runtime": 3}}