{"train_loss": 0.0002723969270285105, "val_loss": 0.0004023605433758348, "lr": 0.001, "_timestamp": 1709932031.6863623, "_runtime": 301.9561083316803, "_step": 1000, "_wandb": {"runtime": 300}}