{"train_loss": 7.233395520844237e-05, "val_loss": 0.0003406102769076824, "lr": 5.258872548610129e-08, "train_mae": 0.004393542651087046, "val_mae": 0.006668747868388891, "train_r2": 0.9947326183319092, "val_r2": 0.975191593170166, "_timestamp": 1710396759.5036278, "_runtime": 243.76750683784485, "_step": 2000, "final_mse": 250.3537956209748, "final_mae": 5.642295479730005, "final_r2": 0.9751916557733531, "_wandb": {"runtime": 240}}