{"train_loss": 0.00035310112001481805, "val_loss": 0.0003552416244734849, "_timestamp": 1709944218.336117, "_runtime": 9.996490001678467, "_step": 0, "_wandb": {"runtime": 3}}