{"train_loss": 0.00011880502364520659, "val_loss": 0.0004574282095887016, "_timestamp": 1709943661.3644686, "_runtime": 12.302271604537964, "_step": 0, "_wandb": {"runtime": 8}}