{"train_loss": 0.00018188414120929704, "val_loss": 0.0004340458770290237, "_timestamp": 1709946640.0289106, "_runtime": 11.270087718963623, "_step": 0, "_wandb": {"runtime": 7}}