{"train_loss": 0.0001622865403950032, "val_loss": 0.0003106765138456408, "_timestamp": 1709946521.697473, "_runtime": 19.538965940475464, "_step": 0, "_wandb": {"runtime": 16}}