{"train_loss": 0.0002547687990220248, "val_loss": 0.0003508016442293361, "_timestamp": 1709944684.561658, "_runtime": 18.22468400001526, "_step": 0, "_wandb": {"runtime": 8}}