{"train_loss": 0.00019168328945686082, "val_loss": 0.00028845128726502715, "_timestamp": 1709944924.9876206, "_runtime": 7.6579015254974365, "_step": 0, "_wandb": {"runtime": 4}}