{"train_loss": 0.00018647037214870865, "val_loss": 0.00011011223978130147, "lr": 5.258872548610129e-08, "train_mae": 0.004981211852282286, "val_mae": 0.0053270054049789906, "train_r2": 0.986308217048645, "val_r2": 0.9932689070701599, "_timestamp": 1710371399.8007493, "_runtime": 243.89011120796204, "_step": 1998}