{"train_loss": 0.0001850416787647379, "val_loss": 0.00033993440058156885, "train_mae": 0.009643701527989589, "val_mae": 0.011347946851889685, "train_r2": 0.990372910330225, "val_r2": 0.9826651006578386, "_timestamp": 1709968358.694969, "_runtime": 13.364224910736084, "_step": 0, "_wandb": {"runtime": 9}}