{"train_loss": 0.00017460234341894692, "val_loss": 0.00044539521612095426, "train_mae": 0.009769633176394175, "val_mae": 0.012566904547894709, "train_r2": 0.9908418968050313, "val_r2": 0.976988942617425, "_timestamp": 1709968902.5012882, "_runtime": 7.913090229034424, "_step": 0, "_wandb": {"runtime": 4}}