{"train_loss": 0.0004167210940174974, "val_loss": 0.0004188649468828432, "_timestamp": 1709944249.7715085, "_runtime": 11.222506523132324, "_step": 0, "_wandb": {"runtime": 4}}