{"train_loss": 0.000238515022098796, "val_loss": 0.0003912139533270025, "_timestamp": 1709944154.4174757, "_runtime": 9.073939800262451, "_step": 0, "_wandb": {"runtime": 6}}