{"train_loss": 7.263915798725336e-05, "val_loss": 0.0007721778238192201, "lr": 5.258872548610129e-08, "train_mae": 0.004412544891238213, "val_mae": 0.00788160227239132, "train_r2": 0.9948251843452454, "val_r2": 0.9382178783416748, "_timestamp": 1710392555.1344254, "_runtime": 239.6390244960785, "_step": 2000, "final_mse": 566.7462788552502, "final_mae": 6.668464466786757, "final_r2": 0.9382178736287838, "_wandb": {"runtime": 237}}