{"train_loss": 0.00017572454471496003, "val_loss": 0.00023188854539803335, "_timestamp": 1709945392.0312762, "_runtime": 9.447616338729858, "_step": 0, "_wandb": {"runtime": 7}}