{"train_loss": 0.00024632438966507746, "val_loss": 0.0002760269873412885, "_timestamp": 1709946152.8279626, "_runtime": 7.835281610488892, "_step": 0, "_wandb": {"runtime": 4}}