{"train_loss": 0.00019266169456776667, "val_loss": 0.00031426988662135397, "_timestamp": 1709943616.9674726, "_runtime": 14.563373565673828, "_step": 0, "_wandb": {"runtime": 11}}