{"train_loss": 0.00019336096800621005, "val_loss": 0.0004156369250267744, "lr": 5.258872548610129e-08, "_timestamp": 1709951121.5448382, "_runtime": 160.8554720878601, "_step": 2000, "_wandb": {"runtime": 157}}