{"train_loss": 0.0001844805285731698, "val_loss": 8.401729428442195e-05, "lr": 5.258872548610129e-08, "train_mae": 0.005025044083595276, "val_mae": 0.005114726722240448, "train_r2": 0.9863110184669495, "val_r2": 0.9936425685882568, "_timestamp": 1710381376.9428754, "_runtime": 246.9543273448944, "_step": 2000, "final_mse": 479.76874621701955, "final_mae": 12.136731085742698, "final_r2": 0.9936425908890373, "_wandb": {"runtime": 245}}