{"train_loss": 0.00017538209691158506, "val_loss": 0.0005366655830002511, "_timestamp": 1709945374.8437827, "_runtime": 8.555721759796143, "_step": 0, "_wandb": {"runtime": 5}}