{"train_loss": 0.00016020727668109974, "val_loss": 0.00038327361112257605, "train_mae": 0.00949204305701742, "val_mae": 0.012271599570474821, "train_r2": 0.9917412453547254, "val_r2": 0.9801133322799164, "_timestamp": 1709968933.8975048, "_runtime": 7.5983757972717285, "_step": 0, "_wandb": {"runtime": 4}}