{"train_loss": 0.0002940899951566157, "val_loss": 0.00035316179538777485, "_timestamp": 1709944719.1942961, "_runtime": 9.305542230606079, "_step": 0, "_wandb": {"runtime": 4}}