{"train_loss": 0.0001926737659701109, "val_loss": 0.0003047108412861681, "_timestamp": 1709945686.2230208, "_runtime": 8.500535726547241, "_step": 0, "_wandb": {"runtime": 5}}