{"train_loss": 0.02646384857958182, "val_loss": 0.025449662183904216, "_timestamp": 1709943483.99799, "_runtime": 6.22441291809082, "_step": 0, "_wandb": {"runtime": 3}}