{"train_loss": 0.0003240746006362722, "val_loss": 0.00045855935970817805, "_timestamp": 1709944057.6858883, "_runtime": 7.927615404129028, "_step": 0, "_wandb": {"runtime": 4}}