{"train_loss": 0.00018935012374355164, "val_loss": 0.004170734900981188, "lr": 5.258872548610129e-08, "train_mae": 0.007763319183140993, "val_mae": 0.013726538978517056, "train_r2": 0.9891126155853271, "val_r2": 0.7811307311058044, "_timestamp": 1710385864.7650099, "_runtime": 241.05466890335083, "_step": 2000, "final_mse": 24.60477720367023, "final_mae": 1.0399226435132594, "final_r2": 0.7811307681639523, "_wandb": {"runtime": 239}}