{"train_loss": 0.0002768383288540559, "val_loss": 0.0004057119138910249, "_timestamp": 1709945272.8942685, "_runtime": 7.485092401504517, "_step": 0, "_wandb": {"runtime": 4}}