{"train_loss": 0.0002080363769246288, "val_loss": 0.0004161447265406094, "train_mae": 0.009720773216825376, "val_mae": 0.012580105354519195, "train_r2": 0.9895685615386803, "val_r2": 0.978254460194074, "_timestamp": 1709968975.0751967, "_runtime": 7.258534669876099, "_step": 0, "_wandb": {"runtime": 4}}