{"train_loss": 0.00022173539590977087, "val_loss": 0.0003232662796431718, "_timestamp": 1709944828.7172806, "_runtime": 8.384533643722534, "_step": 0, "_wandb": {"runtime": 5}}