{"train_loss": 0.00036288517076505007, "val_loss": 0.00038040368405161616, "_timestamp": 1709943919.0215347, "_runtime": 8.00699758529663, "_step": 0, "_wandb": {"runtime": 3}}