{"train_loss": 0.00017531725868395853, "val_loss": 0.0004897010796006133, "train_mae": 0.009737957435588718, "val_mae": 0.01292169226536793, "train_r2": 0.9904983074554883, "val_r2": 0.9748990544049715, "_timestamp": 1709968961.3377378, "_runtime": 7.285597801208496, "_step": 0, "_wandb": {"runtime": 4}}