{"train_loss": 0.0002120033497688811, "val_loss": 0.000911757058929652, "lr": 5.258872548610129e-08, "train_mae": 0.0083229411393404, "val_mae": 0.01175191905349493, "train_r2": 0.9879703521728516, "val_r2": 0.948687732219696, "_timestamp": 1710385580.6570294, "_runtime": 239.98826241493225, "_step": 2000, "final_mse": 5.338953332391825, "final_mae": 0.8903253413185555, "final_r2": 0.9486876911456704, "_wandb": {"runtime": 238}}