{"train_loss": 0.00019628030709364626, "val_loss": 0.00032626911876825144, "train_mae": 0.009835044431039323, "val_mae": 0.01092676883912604, "train_r2": 0.990082688960536, "val_r2": 0.9811176228054993, "_timestamp": 1709968505.9141624, "_runtime": 13.867622375488281, "_step": 0, "_wandb": {"runtime": 10}}