{"train_loss": 0.00018846731023391042, "val_loss": 0.0004726490005850792, "lr": 5.258872548610129e-08, "train_mae": 0.005118195898830891, "val_mae": 0.0059415302239358425, "train_r2": 0.9860258102416992, "val_r2": 0.9637513756752014, "_timestamp": 1710377138.2855608, "_runtime": 452.6129148006439, "_step": 2000, "final_mse": 2731.060623902856, "final_mae": 14.098654442979885, "final_r2": 0.9637513435502327, "_wandb": {"runtime": 451}}