{"train_loss": 0.0001626857820892696, "val_loss": 0.0004234601309274665, "train_mae": 0.009222911353841769, "val_mae": 0.012721998276391365, "train_r2": 0.9906509086379688, "val_r2": 0.978582624144842, "_timestamp": 1709968916.326981, "_runtime": 7.78051495552063, "_step": 0, "_wandb": {"runtime": 4}}