{"train_loss": 9.260794180109837e-05, "val_loss": 0.008023915812373161, "lr": 5.258872548610129e-08, "train_mae": 0.004900690633803606, "val_mae": 0.009134924970567226, "train_r2": 0.9932636022567749, "val_r2": 0.41753363609313965, "_timestamp": 1710396239.4121096, "_runtime": 361.435688495636, "_step": 2000, "final_mse": 5904.473364551868, "final_mae": 7.72887971710047, "final_r2": 0.41753630831973765, "_wandb": {"runtime": 359}}