{"train_loss": 0.0005169721026343348, "val_loss": 0.0005334326748402857, "_timestamp": 1709943757.031861, "_runtime": 7.765422105789185, "_step": 0, "_wandb": {"runtime": 5}}