{"train_loss": 0.00018328568420814513, "val_loss": 0.0016503368970006704, "lr": 5.258872548610129e-08, "train_mae": 0.007884341292083263, "val_mae": 0.014203842729330063, "train_r2": 0.9892709255218506, "val_r2": 0.9166337847709656, "_timestamp": 1710382944.9960938, "_runtime": 258.2926347255707, "_step": 2000, "final_mse": 9.700770158332139, "final_mae": 1.076082954406738, "final_r2": 0.9166338832959731, "_wandb": {"runtime": 257}}