{"train_loss": 0.00018388074384599048, "val_loss": 0.0003105101312753581, "_timestamp": 1709945436.1887157, "_runtime": 9.75734281539917, "_step": 0, "_wandb": {"runtime": 6}}