{"train_loss": 6.520543877944092e-05, "val_loss": 0.0011967126047238708, "lr": 5.258872548610129e-08, "train_mae": 0.004139701835811138, "val_mae": 0.0067063504830002785, "train_r2": 0.9952502250671387, "val_r2": 0.9281648397445679, "_timestamp": 1710397513.6071324, "_runtime": 245.98369932174683, "_step": 2000, "final_mse": 725.9862743557774, "final_mae": 5.674108509755507, "final_r2": 0.9281650583067276, "_wandb": {"runtime": 243}}