{"train_loss": 0.00010514914088124603, "val_loss": 0.0003441426670178771, "lr": 5.258872548610129e-08, "train_mae": 0.005512082949280739, "val_mae": 0.007242241408675909, "train_r2": 0.9923756718635559, "val_r2": 0.9754278063774109, "_timestamp": 1710397768.1345236, "_runtime": 246.03880858421326, "_step": 2000, "final_mse": 242.97080728699117, "final_mae": 6.127514788849988, "final_r2": 0.9754277062908493, "_wandb": {"runtime": 243}}