{"train_loss": 0.026323330097553756, "val_loss": 0.026011361645708598, "_timestamp": 1709943443.0467973, "_runtime": 6.923299312591553, "_step": 0, "_wandb": {"runtime": 3}}