{"train_loss": 0.00020883263737946547, "val_loss": 0.0007076782640069723, "lr": 5.258872548610129e-08, "train_mae": 0.008292166516184807, "val_mae": 0.010327224619686604, "train_r2": 0.9882747530937195, "val_r2": 0.9592573046684265, "_timestamp": 1710385074.919603, "_runtime": 257.29285621643066, "_step": 2000, "final_mse": 4.072603160393853, "final_mae": 0.782390676389704, "final_r2": 0.9592573197669539, "_wandb": {"runtime": 256}}