{"train_loss": 0.0004737381487720101, "val_loss": 0.0005941223048702986, "_timestamp": 1709944450.3837345, "_runtime": 7.070329427719116, "_step": 0, "_wandb": {"runtime": 3}}