{"train_loss": 0.00048029670950670633, "val_loss": 0.0004789926689445099, "_timestamp": 1709945917.8904753, "_runtime": 7.216316223144531, "_step": 0, "_wandb": {"runtime": 4}}