{"train_loss": 0.0002972954725064828, "val_loss": 0.0004078082204141081, "_timestamp": 1709943985.7762175, "_runtime": 6.621573448181152, "_step": 0, "_wandb": {"runtime": 3}}