{"train_loss": 0.00020334564497387234, "val_loss": 0.00044297726708464324, "lr": 5.258872548610129e-08, "train_mae": 0.010221284814178944, "val_mae": 0.012572567909955978, "train_r2": 0.9903631806373596, "val_r2": 0.976495623588562, "_timestamp": 1709963990.2311027, "_runtime": 206.46667575836182, "_step": 2000, "_wandb": {"runtime": 203}}