{"train_loss": 0.00019066954764427953, "val_loss": 0.00028230244536940884, "_timestamp": 1709946540.9083035, "_runtime": 12.891380548477173, "_step": 0, "_wandb": {"runtime": 8}}