{"train_loss": 0.00020849940644000924, "val_loss": 0.0003899569372594136, "_timestamp": 1709946076.176701, "_runtime": 8.916064977645874, "_step": 0, "_wandb": {"runtime": 5}}