{"train_loss": 0.00018143447677408583, "val_loss": 0.00438509089872241, "lr": 5.258872548610129e-08, "train_mae": 0.007982914336025715, "val_mae": 0.01593242771923542, "train_r2": 0.9893629550933838, "val_r2": 0.7784774303436279, "_timestamp": 1710389464.1661901, "_runtime": 255.3603482246399, "_step": 2000, "final_mse": 25.832301284549494, "final_mae": 1.2070407224072077, "final_r2": 0.7784775643483932, "_wandb": {"runtime": 254}}