{"train_loss": 0.00021265436264505472, "val_loss": 0.00035466160625219345, "lr": 5.258872548610129e-08, "_timestamp": 1709941951.7792614, "_runtime": 315.89436435699463, "_step": 2000, "_wandb": {"runtime": 313}}