{"train_loss": 0.0005957765567795295, "val_loss": 0.0005797319288176372, "_timestamp": 1709944073.8494916, "_runtime": 7.804851531982422, "_step": 0, "_wandb": {"runtime": 4}}