{"train_loss": 0.0005373538261241809, "val_loss": 0.0008057081226730998, "_timestamp": 1709944905.8362634, "_runtime": 6.347668409347534, "_step": 0, "_wandb": {"runtime": 3}}