{"train_loss": 0.000276911095882827, "val_loss": 0.0005716369352952777, "_timestamp": 1709945057.8382103, "_runtime": 6.965179443359375, "_step": 0, "_wandb": {"runtime": 4}}