{"train_loss": 7.75456820249455e-05, "val_loss": 0.000280774082057178, "lr": 5.258872548610129e-08, "train_mae": 0.004199380986392498, "val_mae": 0.006181499920785427, "train_r2": 0.9943708777427673, "val_r2": 0.9799808263778687, "_timestamp": 1710395335.133584, "_runtime": 250.22290706634521, "_step": 2000, "final_mse": 203.08086631458772, "final_mae": 5.230043378602657, "final_r2": 0.9799809673930585, "_wandb": {"runtime": 247}}