{"train_loss": 0.00020650114247999692, "val_loss": 0.0008031230536289513, "lr": 5.258872548610129e-08, "train_mae": 0.008538772352039814, "val_mae": 0.011671822518110275, "train_r2": 0.9882408380508423, "val_r2": 0.9553298950195312, "_timestamp": 1710386624.7041354, "_runtime": 242.80117845535278, "_step": 2000, "final_mse": 4.712910569827803, "final_mae": 0.8842572792132284, "final_r2": 0.9553299466454994, "_wandb": {"runtime": 241}}