{"train_loss": 9.156677148616122e-05, "val_loss": 0.0014166312757879496, "lr": 5.258872548610129e-08, "train_mae": 0.005077975802123547, "val_mae": 0.009973100386559963, "train_r2": 0.9934031367301941, "val_r2": 0.8949900269508362, "_timestamp": 1710393560.1958728, "_runtime": 243.4363408088684, "_step": 2000, "final_mse": 1037.294537570715, "final_mae": 8.4380409292903, "final_r2": 0.8949895326225703, "_wandb": {"runtime": 238}}