{"train_loss": 0.0002905608106010561, "val_loss": 0.0003894784884169866, "_timestamp": 1709944641.244342, "_runtime": 6.904520034790039, "_step": 0, "_wandb": {"runtime": 3}}