{"train_loss": 7.600475651050763e-05, "val_loss": 0.002536158310249448, "lr": 5.258872548610129e-08, "train_mae": 0.004618123173713684, "val_mae": 0.008859401568770409, "train_r2": 0.9945214986801147, "val_r2": 0.8169831037521362, "_timestamp": 1710391554.5010533, "_runtime": 248.50365233421326, "_step": 2000, "final_mse": 1865.861704315451, "final_mae": 7.495761540388198, "final_r2": 0.816980913242299, "_wandb": {"runtime": 247}}