{"train_loss": 0.00018466238324142692, "val_loss": 6.424207822419703e-05, "lr": 5.258872548610129e-08, "train_mae": 0.0050467257387936115, "val_mae": 0.005068909376859665, "train_r2": 0.9862856864929199, "val_r2": 0.9953461289405823, "_timestamp": 1710379858.5709074, "_runtime": 246.11632132530212, "_step": 2000, "final_mse": 352.549384031109, "final_mae": 12.02801211974782, "final_r2": 0.9953461313795599, "_wandb": {"runtime": 244}}