{"train_loss": 0.00018259747355105067, "val_loss": 9.285168198402971e-05, "lr": 5.258872548610129e-08, "train_mae": 0.004961509257555008, "val_mae": 0.005600063595920801, "train_r2": 0.9863792657852173, "val_r2": 0.9930871725082397, "_timestamp": 1710376676.4504192, "_runtime": 451.7163190841675, "_step": 2000, "final_mse": 532.599329541613, "final_mae": 13.288386786426289, "final_r2": 0.9930871941526644, "_wandb": {"runtime": 450}}