{"train_loss": 0.00026485885591986686, "val_loss": 0.0004232183211191491, "_timestamp": 1709945487.7616503, "_runtime": 6.480448246002197, "_step": 0, "_wandb": {"runtime": 3}}