{"train_loss": 0.00012326637320564227, "val_loss": 0.00033679182925850347, "_timestamp": 1709945474.5126927, "_runtime": 13.615542650222778, "_step": 0, "_wandb": {"runtime": 10}}