{"train_loss": 6.749997821075828e-05, "val_loss": 0.0029466059058904648, "lr": 5.258872548610129e-08, "train_mae": 0.004148230887949467, "val_mae": 0.007464537862688303, "train_r2": 0.9950925707817078, "val_r2": 0.7870174646377563, "_timestamp": 1710394069.7321708, "_runtime": 244.2529468536377, "_step": 2000, "final_mse": 2168.231917519645, "final_mae": 6.315596773295824, "final_r2": 0.7870159921203048, "_wandb": {"runtime": 239}}