{"train_loss": 0.00017192680945563125, "val_loss": 0.00030440010558164274, "_timestamp": 1709946717.541406, "_runtime": 11.555598020553589, "_step": 0, "_wandb": {"runtime": 8}}