{"train_loss": 0.00024217646977629537, "val_loss": 0.0002830061873185718, "_timestamp": 1709946570.3570955, "_runtime": 8.37002944946289, "_step": 0, "_wandb": {"runtime": 5}}