{"train_loss": 0.00016759443054604692, "val_loss": 0.0003146995439360253, "_timestamp": 1709946138.2238011, "_runtime": 13.504277229309082, "_step": 0, "_wandb": {"runtime": 10}}