{"train_loss": 0.00019073542410541307, "val_loss": 0.0002762808875444556, "_timestamp": 1709946326.8172777, "_runtime": 13.17098069190979, "_step": 0, "_wandb": {"runtime": 10}}