{"train_loss": 0.00014547945114844232, "val_loss": 0.000269971936308164, "_timestamp": 1709946790.8801346, "_runtime": 27.53701162338257, "_step": 0, "_wandb": {"runtime": 24}}