{"train_loss": 0.00022811821057313394, "val_loss": 0.0003060625996294452, "_timestamp": 1709945160.328063, "_runtime": 11.910981893539429, "_step": 0, "_wandb": {"runtime": 6}}