{"train_loss": 0.00020267501292991339, "val_loss": 0.00027595603886053, "_timestamp": 1709943820.7268639, "_runtime": 16.593642950057983, "_step": 0, "_wandb": {"runtime": 12}}