{"train_loss": 0.00019797019261166997, "val_loss": 0.0003034083184370198, "_timestamp": 1709946739.8562827, "_runtime": 14.000030755996704, "_step": 0, "_wandb": {"runtime": 10}}