{"train_loss": 0.0002484495311634892, "val_loss": 0.0048799095675349236, "lr": 5.258872548610129e-08, "train_mae": 0.008829863741993904, "val_mae": 0.014807097613811493, "train_r2": 0.985853374004364, "val_r2": 0.7276011109352112, "_timestamp": 1710388158.7658203, "_runtime": 246.73210525512695, "_step": 2000, "final_mse": 28.619828878000455, "final_mae": 1.1217858958664335, "final_r2": 0.7276011778471794, "_wandb": {"runtime": 245}}