{"train_loss": 0.00036868081368396735, "val_loss": 0.0004123418369164686, "_timestamp": 1709945301.115887, "_runtime": 6.497578859329224, "_step": 0, "_wandb": {"runtime": 3}}