{"train_loss": 0.0002257212077029651, "val_loss": 0.00028881560863827427, "_timestamp": 1709945829.0467691, "_runtime": 10.677390098571777, "_step": 0, "_wandb": {"runtime": 7}}