{"train_loss": 0.0001209524207447693, "val_loss": 0.00037065017386339605, "lr": 5.258872548610129e-08, "train_mae": 0.004611501470208168, "val_mae": 0.005815570242702961, "train_r2": 0.9910216927528381, "val_r2": 0.9717743992805481, "_timestamp": 1710378603.458469, "_runtime": 246.1261489391327, "_step": 2000, "final_mse": 2137.0069951808077, "final_mae": 13.799767201794248, "final_r2": 0.9717743814907203, "_wandb": {"runtime": 244}}