{"train_loss": 4.903036357018585e-05, "val_loss": 0.0007150747114792466, "lr": 5.258872548610129e-08, "train_mae": 0.004452275112271309, "val_mae": 0.006581559777259827, "train_r2": 0.9962594509124756, "val_r2": 0.9510024785995483, "_timestamp": 1710379098.8872771, "_runtime": 239.85905003547668, "_step": 2000, "final_mse": 4117.867988377903, "final_mae": 15.617381489017468, "final_r2": 0.9510024729487222, "_wandb": {"runtime": 238}}