{"train_loss": 0.0001796011501195877, "val_loss": 0.0003174741960796797, "_timestamp": 1709945576.090066, "_runtime": 10.144360065460205, "_step": 0, "_wandb": {"runtime": 7}}