{"train_loss": 0.003447712188047527, "val_loss": 0.0033719917994794, "_timestamp": 1709944013.4483976, "_runtime": 6.080546617507935, "_step": 0, "_wandb": {"runtime": 3}}