{"train_loss": 0.0002627039817146668, "val_loss": 0.0004181868823617659, "_timestamp": 1709946026.1423395, "_runtime": 8.473400354385376, "_step": 0, "_wandb": {"runtime": 4}}