{"train_loss": 0.00018565431833879355, "val_loss": 6.64109829813242e-05, "lr": 5.258872548610129e-08, "train_mae": 0.005032041575759649, "val_mae": 0.005150745622813702, "train_r2": 0.9864436388015747, "val_r2": 0.9945932626724243, "_timestamp": 1710376216.7689683, "_runtime": 454.9174973964691, "_step": 2000, "final_mse": 380.73691793992316, "final_mae": 12.222203712265728, "final_r2": 0.9945932474319781, "_wandb": {"runtime": 453}}